-- -----------------------------------------------------
-- Projet :			Plateforme de streaming (vidéo)
-- Auteurs :		Rui et Timothée
-- Création :		24.01.2021
-- Modification :	24.01.2021
-- Version :		1.0
-- -----------------------------------------------------

-- Script créer avec dbforge et modifié par Timothée d'après https://www.lastucerie.fr/codes-secrets-netflix/



--
-- Script was generated by Devart dbForge Data Generator for SQL Server, Version 4.2.76.0
-- Product Home Page: http://www.devart.com/dbforge/sql/data-generator/
-- Script date 24.01.2021 17:53:47
-- Target server version: 15.00.2000
-- Target connection string: Data Source=NITRO_5_SPIN;Encrypt=False;Integrated Security=True;User ID=NITRO_5_SPIN\Timothee
--



SET LANGUAGE 'English'
SET DATEFORMAT ymd
SET ARITHABORT, ANSI_PADDING, ANSI_WARNINGS, CONCAT_NULL_YIELDS_NULL, QUOTED_IDENTIFIER, ANSI_NULLS, NOCOUNT ON
SET NUMERIC_ROUNDABORT, IMPLICIT_TRANSACTIONS, XACT_ABORT OFF
GO

--
-- Backing up database plateformeStreamingVideo
--
--
-- Create backup folder
--
IF OBJECT_ID('xp_create_subdir') IS NOT NULL
  EXEC xp_create_subdir N'C:\Program Files\Microsoft SQL Server\MSSQL15.MSSQLSERVER\MSSQL\Backup'
--
-- Backup database to the file with the name: <database_name>_<yyyy>_<mm>_<dd>_<hh>_<mi>.bak
--
DECLARE @db_name SYSNAME
SET @db_name = N'plateformeStreamingVideo'

DECLARE @filepath NVARCHAR(4000)
SET @filepath =
/*define base part*/ N'C:\Program Files\Microsoft SQL Server\MSSQL15.MSSQLSERVER\MSSQL\Backup\' + @db_name + '_' +
/*append date*/ REPLACE(CONVERT(NVARCHAR(10), GETDATE(), 102), '.', '_') + '_' +
/*append time*/ REPLACE(CONVERT(NVARCHAR(5), GETDATE(), 108), ':', '_') + '.bak'

DECLARE @SQL NVARCHAR(MAX)
SET @SQL = 
    N'BACKUP DATABASE ' + QUOTENAME(@db_name) + ' TO DISK = @filepath WITH INIT' + 
      CASE WHEN EXISTS(
                SELECT value
                FROM sys.configurations
                WHERE name = 'backup compression default'
          )
        THEN ', COMPRESSION'
        ELSE ''
      END

EXEC sys.sp_executesql @SQL, N'@filepath NVARCHAR(4000)', @filepath = @filepath
GO

USE plateformeStreamingVideo
GO

IF DB_NAME() <> N'plateformeStreamingVideo' SET NOEXEC ON
GO
--
-- Delete data from the table 'dbo.users_has_movies'
--
TRUNCATE TABLE dbo.users_has_movies
GO
--
-- Delete data from the table 'dbo.users_has_episodes'
--
TRUNCATE TABLE dbo.users_has_episodes
GO
--
-- Delete data from the table 'dbo.subscriptions_has_imageResolutions'
--
TRUNCATE TABLE dbo.subscriptions_has_imageResolutions
GO
--
-- Delete data from the table 'dbo.series_has_roles'
--
TRUNCATE TABLE dbo.series_has_roles
GO
--
-- Delete data from the table 'dbo.series_has_productionStudios'
--
TRUNCATE TABLE dbo.series_has_productionStudios
GO
--
-- Delete data from the table 'dbo.roles_has_movies'
--
TRUNCATE TABLE dbo.roles_has_movies
GO
--
-- Delete data from the table 'dbo.productionStudios_has_movies'
--
TRUNCATE TABLE dbo.productionStudios_has_movies
GO
--
-- Delete data from the table 'dbo.favorites_has_series'
--
TRUNCATE TABLE dbo.favorites_has_series
GO
--
-- Delete data from the table 'dbo.favorites_has_movies'
--
TRUNCATE TABLE dbo.favorites_has_movies
GO
--
-- Delete data from the table 'dbo.episodes_has_roles'
--
TRUNCATE TABLE dbo.episodes_has_roles
GO
--
-- Delete data from the table 'dbo.categories_has_series'
--
TRUNCATE TABLE dbo.categories_has_series
GO
--
-- Delete data from the table 'dbo.categories_has_movies'
--
TRUNCATE TABLE dbo.categories_has_movies
GO
--
-- Delete data from the table 'dbo.movies'
--
DELETE dbo.movies
GO
--
-- Delete data from the table 'dbo.favorites'
--
DELETE dbo.favorites
GO
--
-- Delete data from the table 'dbo.users'
--
DELETE dbo.users
GO
--
-- Delete data from the table 'dbo.audioResolutions'
--
DELETE dbo.audioResolutions
GO
--
-- Delete data from the table 'dbo.ageRestrictions'
--
DELETE dbo.ageRestrictions
GO
--
-- Delete data from the table 'dbo.roles'
--
DELETE dbo.roles
GO
--
-- Delete data from the table 'dbo.episodes'
--
DELETE dbo.episodes
GO
--
-- Delete data from the table 'dbo.account'
--
DELETE dbo.account
GO
--
-- Delete data from the table 'dbo.subscriptions'
--
DELETE dbo.subscriptions
GO
--
-- Delete data from the table 'dbo.series'
--
DELETE dbo.series
GO
--
-- Delete data from the table 'dbo.seasons'
--
DELETE dbo.seasons
GO
--
-- Delete data from the table 'dbo.productionStudios'
--
DELETE dbo.productionStudios
GO
--
-- Delete data from the table 'dbo.people'
--
DELETE dbo.people
GO
--
-- Delete data from the table 'dbo.meansOfPayment'
--
DELETE dbo.meansOfPayment
GO
--
-- Delete data from the table 'dbo.imageResolutions'
--
DELETE dbo.imageResolutions
GO
--
-- Delete data from the table 'dbo.categories'
--
DELETE dbo.categories
GO

--
-- Inserting data into table dbo.categories
--
SET IDENTITY_INSERT dbo.categories ON
GO
INSERT dbo.categories(id, name, type, description) VALUES (1, 'Action armée', 'Action & Aventure', 'Excepturi sed et enim. Placeat numquam voluptatem sed laborum. Assumenda ratione et sed facilis quis? Aut et facere.')
INSERT dbo.categories(id, name, type, description) VALUES (2, 'Action comédie', 'Action & Aventure', 'Libero qui impedit. Repudiandae dolorem natus? Adipisci magnam inventore. Rerum ipsum commodi; obcaecati ullam similique. Eos dolores eveniet. Consequatur.')
INSERT dbo.categories(id, name, type, description) VALUES (3, 'Action espionnage', 'Action & Aventure', 'Temporibus excepturi quas. Expedita qui aut; et voluptas tempora. Nisi molestias neque. Aut magnam officia. Unde aut assumenda. Corrupti sed dignissimos.')
INSERT dbo.categories(id, name, type, description) VALUES (4, 'Action policier', 'Action & Aventure', 'Odio iste placeat dolorem velit esse. Est aliquam ut a? Velit laborum dolor et. Mollitia eaque quos dolorem quia doloribus.')
INSERT dbo.categories(id, name, type, description) VALUES (5, 'Action science fiction & fantastique', 'Action & Aventure', 'Quis iste pariatur. Magnam qui quia. Inventore nemo sit. Temporibus nemo totam. Culpa soluta consequatur. Et sed sit. Molestiae quibusdam voluptatem; ad.')
INSERT dbo.categories(id, name, type, description) VALUES (6, 'Action thriller', 'Action & Aventure', 'Dolorem iste ea. Est impedit ut? Culpa quia ratione. Perspiciatis nihil veniam. Vel et error. Laborum qui fugit. At recusandae ut.')
INSERT dbo.categories(id, name, type, description) VALUES (7, 'Aventure', 'Action & Aventure', 'Voluptatem voluptate tempora. Omnis quia omnis! Quis quaerat quibusdam. Doloremque natus iste. Possimus iste amet. Repellendus repellat est. Vitae!')
INSERT dbo.categories(id, name, type, description) VALUES (8, 'Films de super-héros', 'Action et Aventure', 'Deserunt sit et. Officia ut explicabo. Voluptatem eveniet natus! Asperiores minus voluptatem? Tempore natus vitae. Dolores architecto quia; illum nobis?')
INSERT dbo.categories(id, name, type, description) VALUES (9, 'Action et aventure', 'Classiques', 'Est earum sit ut ullam itaque eligendi.')
INSERT dbo.categories(id, name, type, description) VALUES (10, 'Comédies', 'Classiques', 'Quidem explicabo quia. Nisi porro deleniti. Quia est esse. Quasi corrupti voluptatem! Tempore ullam voluptatibus. Sed sit quo. Quo voluptatem qui. Distinctio.')
INSERT dbo.categories(id, name, type, description) VALUES (11, 'Comédies musicales', 'Classiques', 'Qui molestias commodi vitae dignissimos impedit. Exercitationem atque sunt cupiditate quas reprehenderit et. Voluptatem repellat dolorum. Voluptatem quae qui.')
INSERT dbo.categories(id, name, type, description) VALUES (12, 'Drames', 'Classiques', 'Veniam et voluptatum. Hic fugiat corporis voluptates consequatur? Earum dolorem architecto voluptatem error libero. Debitis ut omnis. Nulla natus vero.')
INSERT dbo.categories(id, name, type, description) VALUES (13, 'Romantiques', 'Classiques', 'Quam aliquid amet expedita modi rem veniam.')
INSERT dbo.categories(id, name, type, description) VALUES (14, 'Science fiction et fantastique', 'Classiques', 'Maxime eaque totam minima officiis laborum. Unde voluptatem ratione non cumque eligendi! Beatae perferendis consequuntur eius excepturi aut doloremque.')
INSERT dbo.categories(id, name, type, description) VALUES (15, 'Thrillers', 'Classiques', 'Error accusantium blanditiis delectus. Omnis iste optio autem labore. Natus consequatur ratione porro. Quidem quibusdam adipisci!')
INSERT dbo.categories(id, name, type, description) VALUES (16, 'Films de guerre', 'Classiques', 'Enim culpa deleniti sit enim perspiciatis ut. Molestias laboriosam omnis rerum velit qui omnis.')
INSERT dbo.categories(id, name, type, description) VALUES (17, 'Séries télé', 'Classiques', 'Voluptas tenetur sit ab quis molestias omnis. Unde fugit eum omnis totam non quo.')
INSERT dbo.categories(id, name, type, description) VALUES (18, 'Westerns', 'Classiques', 'Voluptatem rerum et mollitia dolores commodi aut. Ut nemo id? Laborum voluptatem enim! Reiciendis qui rerum. Animi voluptates iste. Omnis alias...')
INSERT dbo.categories(id, name, type, description) VALUES (19, 'Comédies d’animation', 'Comédies', 'Et culpa quaerat error quia officia. Ratione ipsum voluptatem ut sit sed! Voluptas non eligendi officia ad ex natus. Necessitatibus excepturi in!')
INSERT dbo.categories(id, name, type, description) VALUES (20, 'Comédies burlesques', 'Comédies', 'Et omnis aut; quisquam eligendi cum; aperiam ipsam soluta. Quia temporibus totam? Sed natus ipsa. Neque sint cumque. Deleniti nam voluptatum! Facere est.')
INSERT dbo.categories(id, name, type, description) VALUES (21, 'Comédies d’horreur', 'Comédies', 'Perferendis nihil aut. Voluptatem autem est consequatur numquam quia natus. Aspernatur consequatur aut voluptas aspernatur vel nihil.')
INSERT dbo.categories(id, name, type, description) VALUES (22, 'Comédies dramatiques', 'Comédies', 'Expedita aut provident dolorem omnis molestiae. Officia natus iste. Cumque soluta tempore. Blanditiis rerum eum. Error molestiae facilis. Aliquam rem nam.')
INSERT dbo.categories(id, name, type, description) VALUES (23, 'Comédies musicales', 'Comédies', 'Voluptas reiciendis ullam. Magni voluptatem perspiciatis. Nemo aut molestiae? Aspernatur maiores consequatur. Blanditiis odit vitae. Aut enim est; deleniti.')
INSERT dbo.categories(id, name, type, description) VALUES (24, 'Comédies politiques', 'Comédies', 'Aut voluptatum natus consequatur illo laborum ea.')
INSERT dbo.categories(id, name, type, description) VALUES (25, 'Comédies sur le sport', 'Comédies', NULL)
INSERT dbo.categories(id, name, type, description) VALUES (26, 'Biographies dramatiques', 'Drames', 'Autem eius dolor perspiciatis sit quibusdam quod; et nisi repellendus qui sint ea provident.')
INSERT dbo.categories(id, name, type, description) VALUES (27, 'Drames basés sur des livres', 'Drames', 'Placeat nisi vitae. Vel maxime animi impedit voluptatem velit nihil. Libero dolorum exercitationem aliquid aut sed eum. Voluptas ut sit.')
INSERT dbo.categories(id, name, type, description) VALUES (28, 'Drames inspirés d une histoire vraie', 'Drames', 'Unde reprehenderit eum voluptatem nobis sunt dolor.')
INSERT dbo.categories(id, name, type, description) VALUES (29, 'Drames LGBT', 'Drames', 'Quia numquam ipsa saepe vel natus. Consectetur rerum impedit. At fuga aspernatur; voluptas omnis laboriosam. Soluta velit repellendus. Quisquam illo eius.')
INSERT dbo.categories(id, name, type, description) VALUES (30, 'Drames policiers', 'Drames', 'A sed ex rerum consectetur eaque blanditiis. Repudiandae ut totam enim! Expedita vitae eius qui. Molestiae dolor libero odit sed perspiciatis.')
INSERT dbo.categories(id, name, type, description) VALUES (31, 'Drames politiques', 'Drames', 'Et ipsam sit est sequi qui ipsam. Sit sed accusantium voluptatem sed et corrupti.')
INSERT dbo.categories(id, name, type, description) VALUES (32, 'Drames romantiques', 'Drames', 'Cumque harum labore nobis beatae. Sit perspiciatis sed cupiditate sunt obcaecati; necessitatibus veniam quam qui ut. Deserunt et aliquid! Natus est.')
INSERT dbo.categories(id, name, type, description) VALUES (33, 'Drames sociaux', 'Drames', 'Ducimus tenetur velit. Odio sed aspernatur! Deleniti corporis dignissimos. Ut unde natus? In dignissimos totam. Dolor perspiciatis consectetur. Facilis;')
INSERT dbo.categories(id, name, type, description) VALUES (34, 'Drames sur l’armée', 'Drames', 'Vel excepturi qui et qui natus vero. Consequatur et ut! Velit ipsum quia? Accusantium voluptas iste. Consequatur harum neque. Iusto voluptas sit.')
INSERT dbo.categories(id, name, type, description) VALUES (35, 'Drames sur le sport', 'Drames', 'Voluptatem obcaecati unde aut repellendus sit numquam; unde ab laborum error eos doloremque nobis.')
INSERT dbo.categories(id, name, type, description) VALUES (36, 'Drames sur les destins de stars', 'Drames', 'Aliquid sit totam ipsa doloribus blanditiis nulla. Ut alias veritatis deleniti velit facilis cupiditate.')
INSERT dbo.categories(id, name, type, description) VALUES (37, 'Films d’horreur sur les abysses', 'Horreur', 'Voluptates error nobis iure debitis. Quia qui saepe repudiandae labore nesciunt! Consectetur ut totam. Incidunt magni dignissimos. Dolorem perspiciatis.')
INSERT dbo.categories(id, name, type, description) VALUES (38, 'Films d’horreur sur les vampires', 'Horreur', 'Asperiores omnis et cupiditate aperiam minima qui. Quas pariatur tempora. Rem iste pariatur quisquam eaque voluptatem veniam! Sint voluptatem libero.')
INSERT dbo.categories(id, name, type, description) VALUES (39, 'Films d’horreur sur les loup-garous', 'Horreur', 'Natus est et quam laudantium. Perferendis nihil quas maxime vero dolorem nulla. Voluptas alias sed nesciunt dolor repellendus soluta.')
INSERT dbo.categories(id, name, type, description) VALUES (40, 'Films d’horreur sur les zombies', 'Horreur', 'Reprehenderit veritatis nisi. Recusandae dolorem voluptas. Delectus vel ad. Aliquam sit voluptatem! Modi facilis possimus. Consequatur ut officia. Saepe id!')
INSERT dbo.categories(id, name, type, description) VALUES (41, 'Films d’horreur surnaturels', 'Horreur', 'Excepturi dolorem suscipit fugiat ut nulla dolores.')
INSERT dbo.categories(id, name, type, description) VALUES (42, 'Comédies romantiques', 'Romance', NULL)
INSERT dbo.categories(id, name, type, description) VALUES (43, 'Films romantiques incontournables', 'Romance', 'Voluptas labore quod. Sit quam non? Sit qui aliquam qui ut. Ipsam eos harum aut fuga illo. Dolorum modi sunt sit.')
INSERT dbo.categories(id, name, type, description) VALUES (44, 'Films romantiques étrangers', 'Romance', 'Ut officia minima ex est qui dolor...')
INSERT dbo.categories(id, name, type, description) VALUES (45, 'Films romantiques torrides', 'Romance', 'Et voluptatem delectus; assumenda a expedita. Possimus et dolorum; consequuntur quo quisquam. Ut iste dolor. Non enim sed? Aspernatur id sapiente.')
INSERT dbo.categories(id, name, type, description) VALUES (46, 'SF et aliens', 'Science-Fiction (SF)', 'Neque est omnis. Amet quas sed. Veritatis voluptatibus quos. Non quia voluptatem. Est unde sed. Nostrum nihil explicabo. Rem sit et. Beatae vel fuga? Omnis!')
INSERT dbo.categories(id, name, type, description) VALUES (47, 'SF et fantastique', 'Science-Fiction (SF)', 'Ut vel error est iste odit voluptatem. Officia rerum qui. Eligendi provident a omnis inventore quisquam aliquam.')
INSERT dbo.categories(id, name, type, description) VALUES (48, 'SF et aventure', 'Science-Fiction (SF)', 'Tempore quae et. Animi vel iste. Sunt minus voluptates. Ipsa quaerat enim; et qui aperiam. Beatae deleniti expedita! Quam nemo quis.')
INSERT dbo.categories(id, name, type, description) VALUES (49, 'SF et drame', 'Science-Fiction (SF)', NULL)
INSERT dbo.categories(id, name, type, description) VALUES (50, 'SF et horreur', 'Science-Fiction (SF)', 'Amet corrupti amet. Dolorem in praesentium! Architecto cupiditate dolor. Iste ullam earum! Voluptates sunt voluptatem. Iusto non temporibus? Unde saepe ex.')
GO
SET IDENTITY_INSERT dbo.categories OFF
GO

--
-- Inserting data into table dbo.imageResolutions
--
SET IDENTITY_INSERT dbo.imageResolutions ON
GO
INSERT dbo.imageResolutions(id, name, height, width, colorsFormats, hdr) VALUES (1, 'SD', 720, 576, '4:2:2', 1)
INSERT dbo.imageResolutions(id, name, height, width, colorsFormats, hdr) VALUES (2, 'HD', 1280, 720, '4:4:4', 1)
INSERT dbo.imageResolutions(id, name, height, width, colorsFormats, hdr) VALUES (3, 'HD/UHD', 3840, 2160, '4:4:4', 1)
GO
SET IDENTITY_INSERT dbo.imageResolutions OFF
GO

--
-- Inserting data into table dbo.meansOfPayment
--
SET IDENTITY_INSERT dbo.meansOfPayment ON
GO
INSERT dbo.meansOfPayment(id, name) VALUES (1, 'BVR')
INSERT dbo.meansOfPayment(id, name) VALUES (2, 'Twint')
INSERT dbo.meansOfPayment(id, name) VALUES (3, 'Carte de crédit')
GO
SET IDENTITY_INSERT dbo.meansOfPayment OFF
GO

--
-- Inserting data into table dbo.people
--
SET IDENTITY_INSERT dbo.people ON
GO
INSERT dbo.people(id, firstName, lastName, email, phone, birth, npa, city, street) VALUES (1, 'Ambrose', 'Albert', 'GabrielS.Handy@nowhere.com', 519571791, '1970-02-10', 7056, 'Albert Lea', '864 Ironwood Lane, Keith Building, Columbia, SC, 91786')
INSERT dbo.people(id, firstName, lastName, email, phone, birth, npa, city, street) VALUES (2, 'Adam', 'Bratton', 'BruceTurner@example.com', NULL, '1972-11-06', 4543, 'West Fargo', '2955 East Riverside Ct, Sacramento, California, 42552')
INSERT dbo.people(id, firstName, lastName, email, phone, birth, npa, city, street) VALUES (3, 'Daria', 'Albertson', 'Ouida.Mccormick972@example.com', 363835160, '1977-11-03', 8815, 'Blue Island', '752 Mountain Pkwy, Judge Bldg, Jefferson City, Missouri, 93286')
INSERT dbo.people(id, firstName, lastName, email, phone, birth, npa, city, street) VALUES (4, 'Sheilah', 'Braun', 'Hurtado@nowhere.com', 477305715, '1970-01-07', 9594, 'Aberdeen', '3136 South Prospect Hill Circle, Standard Bldg, Boise, ID, 36929')
INSERT dbo.people(id, firstName, lastName, email, phone, birth, npa, city, street) VALUES (5, 'Cyndi', 'Seymore', 'Alarcon77@example.com', 297247504, '1973-10-31', 6029, 'Wilmore', '108 Waterview Highway, 2nd FL, Lincoln, NE, 15094')
INSERT dbo.people(id, firstName, lastName, email, phone, birth, npa, city, street) VALUES (6, 'Louise', 'Higgins', 'Anaya884@nowhere.com', 837129905, '1970-03-04', 1465, 'Allen', '3887 W Ironwood Hwy, Baton Rouge, LA, 95786')
INSERT dbo.people(id, firstName, lastName, email, phone, birth, npa, city, street) VALUES (7, 'Flossie', 'Fowler', 'MosesBerger@example.com', 808302355, '1997-08-13', 3156, 'Glencoe', '2693 E Prospect Hill Ct, Columbia, South Carolina, 15107')
INSERT dbo.people(id, firstName, lastName, email, phone, birth, npa, city, street) VALUES (8, 'Gaylord', 'Tyner', 'Britt@example.com', 754452160, '2009-01-30', 2501, 'Macclenny', '680 East Oak Loop, First Security Building, Charleston, WV, 56491')
INSERT dbo.people(id, firstName, lastName, email, phone, birth, npa, city, street) VALUES (9, 'Dudley', 'Leak', 'BurtonMears@example.com', 527740896, '1970-03-16', 5983, 'Alpine', '600 Sharp Hill Avenue, Comcast Building, Atlanta, Georgia, 55818')
INSERT dbo.people(id, firstName, lastName, email, phone, birth, npa, city, street) VALUES (10, 'Dalene', 'Albrecht', 'Ashford@example.com', 524292618, '1972-05-02', 4879, 'Palatine', '781 SE Farmview Circle, Sacramento, California, 14402')
INSERT dbo.people(id, firstName, lastName, email, phone, birth, npa, city, street) VALUES (11, 'Chase', 'Seymour', 'BennyAkins@nowhere.com', 422887307, '2016-03-22', 7632, 'Lauderhill', '3125 2nd Ave, 2nd FL, Phoenix, Arizona, 35385')
INSERT dbo.people(id, firstName, lastName, email, phone, birth, npa, city, street) VALUES (12, 'Edwardo', 'Tyree', 'AletheaMoe92@nowhere.com', 702736905, '1983-05-18', 2394, 'Palm Coast', '490 SW Parkwood Parkway, Juneau, Alaska, 15343')
INSERT dbo.people(id, firstName, lastName, email, phone, birth, npa, city, street) VALUES (13, 'Jody', 'Bravo', 'Everett_V_Anglin12@nowhere.com', 744784739, '1981-10-13', 4185, 'State College', '3060 North Monument Loop, Lansing, MI, 12240')
INSERT dbo.people(id, firstName, lastName, email, phone, birth, npa, city, street) VALUES (14, 'Shad', 'Mosley', 'AdamMorrill@example.com', 496984653, '2001-09-15', 8468, 'Washington', '2838 Red Hope Hwy, Kearns Bldg, Salem, Oregon, 84297')
INSERT dbo.people(id, firstName, lastName, email, phone, birth, npa, city, street) VALUES (15, 'Ardith', 'Shackelford', 'Acker@example.com', 215210025, '2009-10-20', 9050, 'Richland Hills', '59 W Waterview Highway, Standard Building, Des Moines, IA, 31702')
INSERT dbo.people(id, firstName, lastName, email, phone, birth, npa, city, street) VALUES (16, 'Harlan', 'Tyson', 'AndyPhelan@nowhere.com', 510316935, '1970-12-28', 1066, 'Berkeley', '346 SW Mountain Parkway, Judge Building, Madison, Wisconsin, 32741')
INSERT dbo.people(id, firstName, lastName, email, phone, birth, npa, city, street) VALUES (17, 'Hilary', 'Alcala', 'Buckley64@example.com', 584846010, '1970-01-09', 1427, 'Abilene', '503 Hunting Hill Way, Salem, Oregon, 56745')
INSERT dbo.people(id, firstName, lastName, email, phone, birth, npa, city, street) VALUES (18, 'Hosea', 'Braxton', 'Desimone16@example.com', 416736162, '2020-08-08', 6058, 'College Park', '565 South Deepwood Hwy, Keith Bldg, Atlanta, Georgia, 63478')
INSERT dbo.people(id, firstName, lastName, email, phone, birth, npa, city, street) VALUES (19, 'Agueda', 'Alcorn', 'Cromwell@example.com', 445958100, '1971-12-26', 4225, 'Chadron', '34 Prospect Hill Blvd, APT 58, Little Rock, AR, 45617')
INSERT dbo.people(id, firstName, lastName, email, phone, birth, npa, city, street) VALUES (20, 'Elizebeth', 'Crum', 'Morton@example.com', 737119443, '2010-09-30', 3169, 'Ironwood', '357 NW Rockwood Ln, Frankfort, Kentucky, 41887')
INSERT dbo.people(id, firstName, lastName, email, phone, birth, npa, city, street) VALUES (21, 'Buster', 'Higgs', 'Annmarie.Z_Gilbert@nowhere.com', 499115737, '1984-02-10', 2960, 'Portsmouth', '2881 Mountain Loop, Salt Lake City, Utah, 14547')
INSERT dbo.people(id, firstName, lastName, email, phone, birth, npa, city, street) VALUES (22, 'Constance', 'Raney', 'Collin.Duval@example.com', NULL, '2018-06-16', 6603, 'Saratoga', '3720 2nd Highway, Suite 4664, Concord, New Hampshire, 33646')
INSERT dbo.people(id, firstName, lastName, email, phone, birth, npa, city, street) VALUES (23, 'Milan', 'Fox', 'SebastianGrove587@example.com', NULL, '1970-02-22', 2123, 'Alexandria', '3039 Red Mountain Blvd, Pierre, SD, 54013')
INSERT dbo.people(id, firstName, lastName, email, phone, birth, npa, city, street) VALUES (24, 'Ariel', 'Moss', 'Ashlea_Frazier2@example.com', 512793766, '1987-12-09', 4658, 'Forest Hills', '3532 North Lake Court, Montpelier, Vermont, 04630')
INSERT dbo.people(id, firstName, lastName, email, phone, birth, npa, city, street) VALUES (25, 'Brittney', 'Leake', 'Delia_JReddick47@nowhere.com', 712695370, '1992-10-31', 1499, 'Richland Hills', '2319 North Riddle Hill Loop, Suite 911, Carson City, NV, 29098')
INSERT dbo.people(id, firstName, lastName, email, phone, birth, npa, city, street) VALUES (26, 'Marcellus', 'Crump', 'qovrahjn.qxuvl@example.com', 274355202, '1988-11-10', 7118, 'Nitro', '38 W Parkwood Street, Salt Lake City, Utah, 97969')
INSERT dbo.people(id, firstName, lastName, email, phone, birth, npa, city, street) VALUES (27, 'Georgette', 'Shade', 'Cyril.Henson26@example.com', 907067622, '2019-05-04', 8634, 'Inkster', '711 Riddle Hill Dr, 9th Floor, Providence, Rhode Island, 57680')
INSERT dbo.people(id, firstName, lastName, email, phone, birth, npa, city, street) VALUES (28, 'Enoch', 'Ulrich', 'Ontiveros@example.com', 702998154, '2020-04-17', 4193, 'Willowick', '104 Pine Tree Way, Jackson, MS, 21815')
INSERT dbo.people(id, firstName, lastName, email, phone, birth, npa, city, street) VALUES (29, 'Adolfo', 'Rangel', 'Ramirez@nowhere.com', 646926843, '1988-12-11', 8696, 'Hoover', '456 White Hunting Hill Ln, Lincoln, Nebraska, 53055')
INSERT dbo.people(id, firstName, lastName, email, phone, birth, npa, city, street) VALUES (30, 'Barton', 'Bray', 'Dwain.OAlcorn@example.com', 318425829, '1970-01-07', 4743, 'Aberdeen', '1750 Waterview Lane, Little Rock, Arkansas, 67299')
INSERT dbo.people(id, firstName, lastName, email, phone, birth, npa, city, street) VALUES (31, 'Adriana', 'Foy', 'DemarcusY.Rizzo@example.com', 270812900, '2000-05-02', 5497, 'Portage', '1381 W Flintwood Ct, Frankfort, Kentucky, 52362')
INSERT dbo.people(id, firstName, lastName, email, phone, birth, npa, city, street) VALUES (32, 'Bridget', 'High', 'Alexia.H_Mayhew72@example.com', 459304655, '1997-02-21', 9570, 'Hasbrouck Heights', '2209 South Pine Tree Loop, Plaza Building, Concord, New Hampshire, 04535')
INSERT dbo.people(id, firstName, lastName, email, phone, birth, npa, city, street) VALUES (33, 'Antione', 'Shafer', 'Jason.H.Mckinley63@example.com', 706467060, '1973-11-08', 5502, 'Jefferson Hills', '3336 North Burwood Parkway, Santa Fe, NM, 10108')
INSERT dbo.people(id, firstName, lastName, email, phone, birth, npa, city, street) VALUES (34, 'Adrien', 'Leal', 'JohnThigpen@example.com', 247154149, '2009-10-17', 5180, 'San Leandro', '86 South Ski Hill Ct, Harrisburg, PA, 03090')
INSERT dbo.people(id, firstName, lastName, email, phone, birth, npa, city, street) VALUES (35, 'Catina', 'Alderman', 'AlexanderOtis97@example.com', 432446743, '2018-01-07', 6521, 'Missouri City', '61 Rock Hill Blvd, Kearns Bldg, Carson City, NV, 20046')
INSERT dbo.people(id, firstName, lastName, email, phone, birth, npa, city, street) VALUES (36, 'Arnold', 'Underhill', 'AdanHaney21@example.com', 631333649, '1970-01-04', 1729, 'Crossett', '87 SW Cedar Tree Blvd, 87th FL, Salt Lake City, Utah, 96294')
INSERT dbo.people(id, firstName, lastName, email, phone, birth, npa, city, street) VALUES (37, 'Emilio', 'Hightower', 'ybkewpxy.achowa@example.com', 587777530, '1987-12-16', 4863, 'Bettendorf', '57 Social Pkwy, Diamond Bldg, Des Moines, Iowa, 92080')
INSERT dbo.people(id, firstName, lastName, email, phone, birth, npa, city, street) VALUES (38, 'Ezequiel', 'Cruse', 'Albers@example.com', 384823158, '1972-02-21', 3516, 'Aberdeen', '3075 Edgewood Blvd, Macy''s Bldg, Providence, RI, 35537')
INSERT dbo.people(id, firstName, lastName, email, phone, birth, npa, city, street) VALUES (39, 'Fern', 'Motley', 'rhojlxoa6791@nowhere.com', 792810287, '1976-05-29', 9588, 'Golden', '787 White Brentwood Pkwy, Phoenix, AZ, 36395')
INSERT dbo.people(id, firstName, lastName, email, phone, birth, npa, city, street) VALUES (40, 'Mason', 'Shaffer', 'Terese.SAlicea54@example.com', 670305444, '2004-09-01', 4669, 'Norfolk', '204 Beachwood Ave, Lansing, Michigan, 73145')
INSERT dbo.people(id, firstName, lastName, email, phone, birth, npa, city, street) VALUES (41, 'Byron', 'Breaux', 'qrsfzwp0759@example.com', 913357027, '1999-11-09', 7625, 'Reno', '931 Ski Hill Ln, 85th FL, Bismarck, North Dakota, 12991')
INSERT dbo.people(id, firstName, lastName, email, phone, birth, npa, city, street) VALUES (42, 'Katrina', 'Aldrich', 'jaqtb080@example.com', 808286708, '1998-02-21', 1709, 'Atlanta', '3574 Hidden Oak Highway, Saint Paul, Minnesota, 95443')
INSERT dbo.people(id, firstName, lastName, email, phone, birth, npa, city, street) VALUES (43, 'Mary', 'Lear', 'Boston3@example.com', 878114863, '2015-07-17', 6639, 'Murphy', '58 West Hunting Hill Way, Saint Paul, Minnesota, 13007')
INSERT dbo.people(id, firstName, lastName, email, phone, birth, npa, city, street) VALUES (44, 'Alberto', 'Hildebrand', 'Gooden@example.com', 507168608, '1977-08-05', 8199, 'Piedmont', '1562 Edgewood Blvd, Baton Rouge, Louisiana, 67405')
INSERT dbo.people(id, firstName, lastName, email, phone, birth, npa, city, street) VALUES (45, 'Jefferey', 'Underwood', 'Nance171@example.com', NULL, '2000-09-08', 1541, 'Iowa Falls', '849 Hunting Hill Cir, Richmond, VA, 28109')
INSERT dbo.people(id, firstName, lastName, email, phone, birth, npa, city, street) VALUES (46, 'Kirk', 'Fraley', 'AnneZCulbertson83@example.com', 514210324, '1997-05-03', 2377, 'Firestone', '3463 Red Edgewood Highway, Bartlett Bldg, Annapolis, MD, 08325')
INSERT dbo.people(id, firstName, lastName, email, phone, birth, npa, city, street) VALUES (47, 'Randal', 'Shah', 'JeanelleAbernathy43@example.com', 516455760, '1986-06-02', 6301, 'Lewiston', '895 E Flintwood Way, Saint Paul, Minnesota, 38909')
INSERT dbo.people(id, firstName, lastName, email, phone, birth, npa, city, street) VALUES (48, 'Burl', 'Leary', 'Romero@example.com', 813837426, '1972-08-08', 6147, 'Bunkie', '20 Glenwood Lane, Enquirer Building, Juneau, Alaska, 62987')
INSERT dbo.people(id, firstName, lastName, email, phone, birth, npa, city, street) VALUES (49, 'Denyse', 'Crutcher', 'Paulson67@example.com', 839079330, '1971-05-14', 2133, 'Hudson Falls', '3812 Fox Hill Pkwy, Tallahassee, Florida, 67395')
INSERT dbo.people(id, firstName, lastName, email, phone, birth, npa, city, street) VALUES (50, 'Mohamed', 'Breeden', 'RamonitaA_Harley849@example.com', 559187116, '1992-06-09', 2442, 'Alachua', '77 E Waterview Dr, Judge Bldg, Dover, DE, 31791')
GO
SET IDENTITY_INSERT dbo.people OFF
GO

--
-- Inserting data into table dbo.productionStudios
--
SET IDENTITY_INSERT dbo.productionStudios ON
GO
INSERT dbo.productionStudios(id, name, ide, email, phone, npa, city, street, creation) VALUES (1, 'Monpickscope', 'CH-489.816.185', 'ArnoldG.Ambrose455@example.com', 586514090, 8128, 'McKinney', '62 E Riddle Hill Hwy, Springfield, IL, 11646', '2016-04-08')
INSERT dbo.productionStudios(id, name, ide, email, phone, npa, city, street, creation) VALUES (2, 'Anwoofedscope', 'CH-856.407.226', 'Whitman9@example.com', NULL, 7652, 'Bowling Green', '461 Hazelwood Pkwy, 2nd Floor, Olympia, Washington, 82020', '1983-04-15')
INSERT dbo.productionStudios(id, name, ide, email, phone, npa, city, street, creation) VALUES (3, 'Cartholder', 'CH-446.310.415', 'Stacey85@nowhere.com', 235356485, 2854, 'Altamonte Springs', '95 Rose Hill Highway, Keith Building, Columbia, South Carolina, 80251', '1970-03-18')
INSERT dbo.productionStudios(id, name, ide, email, phone, npa, city, street, creation) VALUES (4, 'Readcyclator', 'CH-662.067.123', 'Lutz438@nowhere.com', 905466755, 1182, 'Garland', '482 East Lake Hwy, Columbus, OH, 07251', '1977-09-16')
INSERT dbo.productionStudios(id, name, ide, email, phone, npa, city, street, creation) VALUES (5, 'Retinicridge', 'CH-177.237.800', 'RegaladoO@example.com', 765455980, 7065, 'Martinsville', '3499 1st Loop, Macy''s Bldg, Indianapolis, Indiana, 27955', '1977-07-11')
INSERT dbo.productionStudios(id, name, ide, email, phone, npa, city, street, creation) VALUES (6, 'Montaopator', 'CH-448.394.039', 'Hyman@example.com', 577216893, 2602, 'Moab', '3137 Ironwood Pkwy, Montpelier, Vermont, 75859', '1977-11-21')
INSERT dbo.productionStudios(id, name, ide, email, phone, npa, city, street, creation) VALUES (7, 'Tweetcordator', 'CH-727.198.023', 'KareemBinkley@example.com', 535123537, 9220, 'Riverside', '417 S Rock Hill Ln, Concord, New Hampshire, 74486', '2015-06-26')
INSERT dbo.productionStudios(id, name, ide, email, phone, npa, city, street, creation) VALUES (8, 'Comfindridge', 'CH-537.838.815', 'Eda_Mallory577@example.com', 732608774, 5097, 'Ottawa', '1695 Market Ct, Suite 49, Raleigh, North Carolina, 88267', '1971-05-03')
INSERT dbo.productionStudios(id, name, ide, email, phone, npa, city, street, creation) VALUES (9, 'Tweetbandanor', 'CH-866.905.384', 'AguiarP@nowhere.com', 849707472, 3868, 'Deerfield Beach', '99 White Farmview Highway, Frankfort, Kentucky, 47663', '1980-05-15')
INSERT dbo.productionStudios(id, name, ide, email, phone, npa, city, street, creation) VALUES (10, 'Ampwooffiridge', 'CH-597.952.289', 'RicardaNAndre@example.com', 814142448, 4280, 'Gallup', '264 NW Burwood Cir, 44th Floor, Columbia, SC, 72551', '1998-01-19')
INSERT dbo.productionStudios(id, name, ide, email, phone, npa, city, street, creation) VALUES (11, 'Stereotaedlet', 'CH-393.785.337', 'BannisterO485@example.com', 856090019, 1252, 'Salem', '91 Ski Hill St, Plaza Building, Richmond, VA, 68866', '1993-01-05')
INSERT dbo.productionStudios(id, name, ide, email, phone, npa, city, street, creation) VALUES (12, 'Retinor', 'CH-816.106.829', 'MauricePepper949@example.com', 650528315, 2977, 'St. Clair Shores', '183 New Ski Hill Avenue, 3rd FL, Charleston, West Virginia, 57877', '1992-07-13')
INSERT dbo.productionStudios(id, name, ide, email, phone, npa, city, street, creation) VALUES (13, 'Transceivaquer', 'CH-499.372.579', 'Fay.Andres@example.com', 758256762, 6674, 'Eau Claire', '621 SW Hazelwood Ct, Sacramento, California, 87358', '2020-03-05')
INSERT dbo.productionStudios(id, name, ide, email, phone, npa, city, street, creation) VALUES (14, 'Comcordator', 'CH-905.777.727', 'Wade.H.Marx722@example.com', 742468352, 1919, 'Alabaster', '1407 Hope Hwy, Providence, RI, 29981', '1970-01-29')
INSERT dbo.productionStudios(id, name, ide, email, phone, npa, city, street, creation) VALUES (15, 'Subtinimscope', 'CH-071.690.650', 'zajvyfes_gigpanbvkz@example.com', NULL, 7393, 'Whiteville', '297 Church Cir, Olympia, Washington, 78343', '1986-07-21')
INSERT dbo.productionStudios(id, name, ide, email, phone, npa, city, street, creation) VALUES (16, 'Tweetfinderator', 'CH-453.178.474', 'jmcqy5@example.com', 259120526, 9344, 'Taylor Mill', '2696 Farmview Lane, Guardian Building, Saint Paul, MN, 59262', '1999-05-22')
INSERT dbo.productionStudios(id, name, ide, email, phone, npa, city, street, creation) VALUES (17, 'Readjectphone', 'CH-862.769.418', 'Acevedo733@example.com', 837690673, 8888, 'Abbeville', '1584 SW Hazelwood Lane, 257 Towers Building, Honolulu, Hawaii, 65908', '1970-01-02')
INSERT dbo.productionStudios(id, name, ide, email, phone, npa, city, street, creation) VALUES (18, 'Charniinra', 'CH-462.336.636', 'Abreu@example.com', 724657996, 5939, 'Ogdensburg', '189 Riddle Hill Way, Guardian Bldg, Topeka, KS, 37399', '2004-03-13')
INSERT dbo.productionStudios(id, name, ide, email, phone, npa, city, street, creation) VALUES (19, 'Supjecton', 'CH-883.700.140', 'Moeller@example.com', NULL, 2977, 'Alpine', '2263 Rock Hill Rd, 1st Floor, Salem, OR, 94212', '1974-10-19')
INSERT dbo.productionStudios(id, name, ide, email, phone, npa, city, street, creation) VALUES (20, 'Ampwoofopphone', 'CH-678.449.495', 'Acker@example.com', 881858513, 7294, 'Chaska', '56 Front Rd, Columbus, Ohio, 60828', '1986-04-07')
INSERT dbo.productionStudios(id, name, ide, email, phone, npa, city, street, creation) VALUES (21, 'Retopeper', 'CH-974.819.701', 'ElissaJacobs@example.com', 688370828, 1836, 'Alpharetta', '3565 E Monument Hwy, Kearns Bldg, Topeka, Kansas, 34215', '1970-01-02')
INSERT dbo.productionStudios(id, name, ide, email, phone, npa, city, street, creation) VALUES (22, 'Amptaphone', 'CH-176.286.680', 'rxrisnix_pmwl@nowhere.com', 338961023, 4490, 'St. Francis', '3422 Rockwood Parkway, Providence, Rhode Island, 58611', '2000-09-26')
INSERT dbo.productionStudios(id, name, ide, email, phone, npa, city, street, creation) VALUES (23, 'Cabcyclgaer', 'CH-189.402.435', 'gmfyejp7@example.com', 493764412, 3817, 'Cedar Lake', '24 Social Ct, Keith Building, Richmond, Virginia, 64995', '1976-05-04')
INSERT dbo.productionStudios(id, name, ide, email, phone, npa, city, street, creation) VALUES (24, 'Miccordphone', 'CH-222.974.672', 'FallonLane@example.com', 608340005, 6319, 'Algonquin', '2207 Red Hazelwood Pkwy, Lansing, Michigan, 72823', '1977-07-18')
INSERT dbo.productionStudios(id, name, ide, email, phone, npa, city, street, creation) VALUES (25, 'Subtaridge', 'CH-515.567.257', 'Alvin.Hahn@example.com', NULL, 4848, 'Kaufman', '3462 Red Cedar Tree Ave, Penobscot Bldg, Columbia, SC, 89449', '2019-03-06')
INSERT dbo.productionStudios(id, name, ide, email, phone, npa, city, street, creation) VALUES (26, 'Ancordphone', 'CH-161.204.168', 'bfpu4@example.com', NULL, 2491, 'Seaside', '2314 6th Lane, Diamond Building, Little Rock, AR, 79173', '1970-01-07')
INSERT dbo.productionStudios(id, name, ide, email, phone, npa, city, street, creation) VALUES (27, 'Repickor', 'CH-350.049.349', 'ElijahAbney@example.com', 900906993, 6372, 'Johnstown', '1572 Red Rose Hill Circle, MidAmerican Building, Honolulu, Hawaii, 44940', '1984-06-24')
INSERT dbo.productionStudios(id, name, ide, email, phone, npa, city, street, creation) VALUES (28, 'Comcesser', 'CH-094.502.486', 'Haynes729@example.com', 496511648, 4370, 'Manhattan', '44 White Social Hwy, Raleigh, NC, 77972', '2001-03-29')
INSERT dbo.productionStudios(id, name, ide, email, phone, npa, city, street, creation) VALUES (29, 'Printcesson', 'CH-217.973.922', 'Marchand@example.com', 833058904, 7958, 'Wilkes-Barre', '579 Rose Hill Lane, 2nd FL, Madison, WI, 23270', '1979-01-29')
INSERT dbo.productionStudios(id, name, ide, email, phone, npa, city, street, creation) VALUES (30, 'Speakjectaqulet', 'CH-155.786.944', 'AndyLott617@example.com', 644514765, 2393, 'Canfield', '525 Pine Tree Street, Santa Fe, New Mexico, 38063', '2001-09-29')
INSERT dbo.productionStudios(id, name, ide, email, phone, npa, city, street, creation) VALUES (31, 'Mictopentor', 'CH-436.960.427', 'MasonM_Cortes145@nowhere.com', 488517434, 8643, 'Aberdeen', '115 N Quailwood Pkwy, Concord, NH, 58464', '1997-01-12')
INSERT dbo.productionStudios(id, name, ide, email, phone, npa, city, street, creation) VALUES (32, 'Teleer', 'CH-618.568.165', 'AbbyRhoads4@example.com', 796433090, 2950, 'Lewistown', '2439 White Hazelwood Ct, Equitable Bldg, Madison, Wisconsin, 88516', '1998-03-15')
INSERT dbo.productionStudios(id, name, ide, email, phone, npa, city, street, creation) VALUES (33, 'Tabwoofanentor', 'CH-085.336.160', 'IlonaAshmore@example.com', 536606314, 4481, 'Roseland', '265 E Hunting Hill Way, 3rd FL, Columbus, OH, 25108', '1977-04-14')
INSERT dbo.productionStudios(id, name, ide, email, phone, npa, city, street, creation) VALUES (34, 'Tabwoofor', 'CH-299.171.117', 'Valentin@nowhere.com', 806132365, 2637, 'Forest Lake', '1717 South Riverview Loop, APT 2, Atlanta, GA, 70623', '1970-02-02')
INSERT dbo.productionStudios(id, name, ide, email, phone, npa, city, street, creation) VALUES (35, 'Micholdphone', 'CH-545.038.374', 'ylffg9891@example.com', 880337057, 6396, 'Alamogordo', '257 SE Buttonwood Loop, 8th FL, Little Rock, AR, 47522', '1971-08-21')
INSERT dbo.productionStudios(id, name, ide, email, phone, npa, city, street, creation) VALUES (36, 'Cabnira', 'CH-880.321.956', 'Keith29@nowhere.com', NULL, 8321, 'Adel', '206 Hazelwood Ln, Sacramento, CA, 75819', '1984-09-15')
INSERT dbo.productionStudios(id, name, ide, email, phone, npa, city, street, creation) VALUES (37, 'Comholdon', 'CH-763.907.977', 'Abrams29@example.com', 277250440, 2549, 'Aberdeen', '3948 West Rose Hill Loop, Nipper Bldg, Montgomery, AL, 49347', '1991-11-02')
INSERT dbo.productionStudios(id, name, ide, email, phone, npa, city, street, creation) VALUES (38, 'Amplepler', 'CH-580.221.946', 'xrysmi3@example.com', 802133179, 7825, 'Altus', '930 Church Blvd, Calyon Building, Little Rock, Arkansas, 76943', '1970-01-10')
INSERT dbo.productionStudios(id, name, ide, email, phone, npa, city, street, creation) VALUES (39, 'Proniinentor', 'CH-846.558.840', 'LaddT@nowhere.com', 578314333, 3419, 'Downey', '1156 East Beachwood Lane, 3rd Floor, Madison, Wisconsin, 05375', '1981-05-19')
INSERT dbo.productionStudios(id, name, ide, email, phone, npa, city, street, creation) VALUES (40, 'Ancessefor', 'CH-716.264.231', 'CurtisBTrimble2@example.com', 434834903, 1254, 'Navasota', '92 Social Cir, Superior Building, Albany, NY, 45354', '1988-12-04')
INSERT dbo.productionStudios(id, name, ide, email, phone, npa, city, street, creation) VALUES (41, 'Subleaquon', 'CH-960.697.565', 'IgnacioEllington43@example.com', 654896851, 9586, 'Medina', '225 Red Town Parkway, Springfield, IL, 95839', '2006-05-30')
INSERT dbo.productionStudios(id, name, ide, email, phone, npa, city, street, creation) VALUES (42, 'Cleanfindplentor', 'CH-186.280.623', 'Forsythe@nowhere.com', 231601729, 1675, 'Madison', '3577 W Lake Ave, Springfield, Illinois, 72118', '1971-10-12')
INSERT dbo.productionStudios(id, name, ide, email, phone, npa, city, street, creation) VALUES (43, 'Printtectpler', 'CH-057.071.571', 'Toby.Dellinger@example.com', 805853379, 2673, 'Alton', '1431 East Flintwood Court, 2nd Floor, Dover, Delaware, 22196', '1973-01-13')
INSERT dbo.productionStudios(id, name, ide, email, phone, npa, city, street, creation) VALUES (44, 'Tablictepon', 'CH-566.303.352', 'ScottyNavarro6@example.com', 866883770, 9297, 'Chambersburg', '634 NW Ironwood Highway, Helena, MT, 46220', '1973-06-18')
INSERT dbo.productionStudios(id, name, ide, email, phone, npa, city, street, creation) VALUES (45, 'Readceivlet', 'CH-957.870.179', 'Martha.Ayala@example.com', 598897905, 4069, 'Keyport', '3283 North Highland Parkway, Phoenix, AZ, 86894', '1975-05-24')
INSERT dbo.productionStudios(id, name, ide, email, phone, npa, city, street, creation) VALUES (46, 'Suplicton', 'CH-174.411.449', 'AllmanD@example.com', 437829742, 5706, 'Glenpool', '2539 Red Fox Hill Parkway, Denver, Colorado, 79117', '1988-08-24')
INSERT dbo.productionStudios(id, name, ide, email, phone, npa, city, street, creation) VALUES (47, 'Speaktinator', 'CH-242.246.458', 'Whitmire346@example.com', NULL, 4769, 'Marquette', '81 Hidden Chapel Hill Hwy, Keith Bldg, Hartford, CT, 50629', '1989-07-08')
INSERT dbo.productionStudios(id, name, ide, email, phone, npa, city, street, creation) VALUES (48, 'Printtininon', 'CH-848.686.071', 'Nava@example.com', 543935739, 5028, 'Sandersville', '3668 Parkwood Blvd, Richmond, Virginia, 99786', '1971-11-17')
INSERT dbo.productionStudios(id, name, ide, email, phone, npa, city, street, creation) VALUES (49, 'Monotectommor', 'CH-280.013.592', 'rregc52@example.com', NULL, 3904, 'Taft', '2800 Hidden Cedar Tree Street, Pierre, SD, 57133', '1973-07-30')
INSERT dbo.productionStudios(id, name, ide, email, phone, npa, city, street, creation) VALUES (50, 'Armholdridge', 'CH-617.823.014', 'Scoggins@nowhere.com', 683149480, 4173, 'Albertville', '2733 SW Cedar Tree Blvd, MidAmerican Bldg, Jefferson City, MO, 54909', '1991-05-17')
GO
SET IDENTITY_INSERT dbo.productionStudios OFF
GO

--
-- Inserting data into table dbo.seasons
--
SET IDENTITY_INSERT dbo.seasons ON
GO
INSERT dbo.seasons(id, number, date, series_id) VALUES (1, 3, '1970-09-29', 279)
INSERT dbo.seasons(id, number, date, series_id) VALUES (2, 2, '1970-01-02', 369)
INSERT dbo.seasons(id, number, date, series_id) VALUES (3, 5, '1978-10-02', 238)
INSERT dbo.seasons(id, number, date, series_id) VALUES (4, 8, '1970-11-18', 57)
INSERT dbo.seasons(id, number, date, series_id) VALUES (5, 6, '1970-03-15', 387)
INSERT dbo.seasons(id, number, date, series_id) VALUES (6, 4, '2000-05-25', 54)
INSERT dbo.seasons(id, number, date, series_id) VALUES (7, 4, '2005-10-20', 52)
INSERT dbo.seasons(id, number, date, series_id) VALUES (8, 2, '1973-05-09', 441)
INSERT dbo.seasons(id, number, date, series_id) VALUES (9, 4, '1982-03-12', 2)
INSERT dbo.seasons(id, number, date, series_id) VALUES (10, 1, '2001-07-10', 47)
INSERT dbo.seasons(id, number, date, series_id) VALUES (11, 1, '2019-01-05', 332)
INSERT dbo.seasons(id, number, date, series_id) VALUES (12, 7, '1971-07-07', 205)
INSERT dbo.seasons(id, number, date, series_id) VALUES (13, 3, '2006-12-08', 94)
INSERT dbo.seasons(id, number, date, series_id) VALUES (14, 3, '1979-12-07', 282)
INSERT dbo.seasons(id, number, date, series_id) VALUES (15, 1, '1970-01-10', 369)
INSERT dbo.seasons(id, number, date, series_id) VALUES (16, 5, '1972-01-28', 208)
INSERT dbo.seasons(id, number, date, series_id) VALUES (17, 4, '1971-03-15', 409)
INSERT dbo.seasons(id, number, date, series_id) VALUES (18, 7, '1970-01-04', 42)
INSERT dbo.seasons(id, number, date, series_id) VALUES (19, 3, '1999-01-28', 176)
INSERT dbo.seasons(id, number, date, series_id) VALUES (20, 2, '1979-08-06', 456)
INSERT dbo.seasons(id, number, date, series_id) VALUES (21, 3, '1979-12-02', 92)
INSERT dbo.seasons(id, number, date, series_id) VALUES (22, 6, '1984-11-25', 354)
INSERT dbo.seasons(id, number, date, series_id) VALUES (23, 3, '1989-08-29', 373)
INSERT dbo.seasons(id, number, date, series_id) VALUES (24, 3, '1979-02-07', 126)
INSERT dbo.seasons(id, number, date, series_id) VALUES (25, 8, '1977-01-26', 80)
INSERT dbo.seasons(id, number, date, series_id) VALUES (26, 6, '1972-09-21', 466)
INSERT dbo.seasons(id, number, date, series_id) VALUES (27, 1, '1982-12-31', 237)
INSERT dbo.seasons(id, number, date, series_id) VALUES (28, 2, '1997-05-01', 494)
INSERT dbo.seasons(id, number, date, series_id) VALUES (29, 3, '1970-01-04', 419)
INSERT dbo.seasons(id, number, date, series_id) VALUES (30, 4, '2013-09-11', 71)
INSERT dbo.seasons(id, number, date, series_id) VALUES (31, 1, '1971-01-31', 500)
INSERT dbo.seasons(id, number, date, series_id) VALUES (32, 8, '1990-01-09', 42)
INSERT dbo.seasons(id, number, date, series_id) VALUES (33, 6, '1971-01-07', 18)
INSERT dbo.seasons(id, number, date, series_id) VALUES (34, 5, '1970-04-08', 4)
INSERT dbo.seasons(id, number, date, series_id) VALUES (35, 3, '2006-02-02', 167)
INSERT dbo.seasons(id, number, date, series_id) VALUES (36, 8, '1974-08-06', 99)
INSERT dbo.seasons(id, number, date, series_id) VALUES (37, 5, '2013-11-25', 30)
INSERT dbo.seasons(id, number, date, series_id) VALUES (38, 5, '1990-10-07', 428)
INSERT dbo.seasons(id, number, date, series_id) VALUES (39, 1, '1976-06-10', 89)
INSERT dbo.seasons(id, number, date, series_id) VALUES (40, 6, '1982-04-12', 117)
INSERT dbo.seasons(id, number, date, series_id) VALUES (41, 3, '1970-02-22', 494)
INSERT dbo.seasons(id, number, date, series_id) VALUES (42, 7, '1994-07-21', 50)
INSERT dbo.seasons(id, number, date, series_id) VALUES (43, 2, '1984-05-26', 355)
INSERT dbo.seasons(id, number, date, series_id) VALUES (44, 7, '1970-01-06', 231)
INSERT dbo.seasons(id, number, date, series_id) VALUES (45, 1, '2015-05-23', 243)
INSERT dbo.seasons(id, number, date, series_id) VALUES (46, 1, '1972-11-02', 400)
INSERT dbo.seasons(id, number, date, series_id) VALUES (47, 6, '1970-01-04', 474)
INSERT dbo.seasons(id, number, date, series_id) VALUES (48, 1, '1970-01-01', 7)
INSERT dbo.seasons(id, number, date, series_id) VALUES (49, 1, '1976-11-08', 3)
INSERT dbo.seasons(id, number, date, series_id) VALUES (50, 6, '2013-11-30', 249)
GO
SET IDENTITY_INSERT dbo.seasons OFF
GO

--
-- Inserting data into table dbo.series
--
SET IDENTITY_INSERT dbo.series ON
GO
INSERT dbo.series(id, title, onLine, description, miniature, trailer, evaluation) VALUES (1, 'Voluptas fugiat eius.', '1981-08-30', NULL, NULL, 0x89504E470D0A1A0A0000000D49484452000000050000000508060000008D6F26E5000000017352474200AECE1CE90000000467414D410000B18F0BFC61050000000970485973000012740000127401DE661F78000000134944415418576350673AFD101D535FF0F44300406B2DCE034A4F380000000049454E44AE426082, 3.73)
INSERT dbo.series(id, title, onLine, description, miniature, trailer, evaluation) VALUES (2, 'Quam harum nobis laboriosam deserunt.', '1971-01-16', NULL, NULL, NULL, 4.07)
INSERT dbo.series(id, title, onLine, description, miniature, trailer, evaluation) VALUES (3, 'Officiis ab quis sed dolor assumenda.', '1970-03-07', NULL, NULL, 0x89504E470D0A1A0A0000000D494844520000000A0000000A08060000008D32CFBD000000017352474200AECE1CE90000000467414D410000B18F0BFC61050000000970485973000012740000127401DE661F780000001749444154285363608C547C480C1E558817535BA1E243006ACE87F147229ED80000000049454E44AE426082, 1.6)
INSERT dbo.series(id, title, onLine, description, miniature, trailer, evaluation) VALUES (4, 'Quia et eos quia qui iste.', '1972-03-21', 'Velit fugiat eius veniam nemo enim nam.', 0x89504E470D0A1A0A0000000D494844520000006400000064080600000070E29554000000017352474200AECE1CE90000000467414D410000B18F0BFC61050000000970485973000012740000127401DE661F78000000F449444154785EEDD1310100200CC030CCA103A5133327D8C8D1230A72EE9B8DA3104C2198423085600AC1148229045308A6104C2198423085600AC1148229045308A6104C2198423085600AC1148229045308A6104C2198423085600AC1148229045308A6104C2198423085600AC1148229045308A6104C2198423085600AC1148229045308A6104C2198423085600AC1148229045308A6104C2198423085600AC1148229045308A6104C2198423085600AC1148229045308A6104C2198423085600AC1148229045308A6104C2198423085600AC1148229045308A6104C2198423085600AC1148229045308A6104C21984228B31F5C6437491C9A43000000000049454E44AE426082, 0x89504E470D0A1A0A0000000D49484452000000050000000508060000008D6F26E5000000017352474200AECE1CE90000000467414D410000B18F0BFC61050000000970485973000012740000127401DE661F7800000013494441541857637870AAFA213AA6BE60F5430085434B97049E4F9B0000000049454E44AE426082, 2.84)
INSERT dbo.series(id, title, onLine, description, miniature, trailer, evaluation) VALUES (5, 'Quia voluptatem dolore quia dolorum.', '1986-09-01', NULL, NULL, 0x89504E470D0A1A0A0000000D494844520000006400000064080600000070E29554000000017352474200AECE1CE90000000467414D410000B18F0BFC61050000000970485973000012740000127401DE661F78000000F549444154785EEDD1311100200C0031FC2F48C059EFEA041B197E88829CFB66E328045308A6104C2198423085600AC1148229045308A6104C2198423085600AC1148229045308A6104C2198423085600AC1148229045308A6104C2198423085600AC1148229045308A6104C2198423085600AC1148229045308A6104C2198423085600AC1148229045308A6104C2198423085600AC1148229045308A6104C2198423085600AC1148229045308A6104C2198423085600AC1148229045308A6104C2198423085600AC1148229045308A6104C2198423085600AC1148229045308A6104C2198423085600AC1148229045308A610CAEC07A5EE507F7BF039220000000049454E44AE426082, 3.4)
INSERT dbo.series(id, title, onLine, description, miniature, trailer, evaluation) VALUES (6, 'Et est placeat ratione sequi.', '1983-12-01', 'Ipsum itaque veniam soluta expedita quos cupiditate. Illo omnis odio sed officiis qui? Quia qui iste officiis quo eum. Omnis enim dolor.', 0x89504E470D0A1A0A0000000D494844520000000A0000000A08060000008D32CFBD000000017352474200AECE1CE90000000467414D410000B18F0BFC61050000000970485973000012740000127401DE661F7800000017494441542853635860C5F290183CAA102FA6B642968700C121AE9DFF19E0AA0000000049454E44AE426082, 0x89504E470D0A1A0A0000000D494844520000006400000064080600000070E29554000000017352474200AECE1CE90000000467414D410000B18F0BFC61050000000970485973000012740000127401DE661F78000000F449444154785EEDD1310100200CC0304CA0195F733227D8C8D1230A72DE9D8DA3104C2198423085600AC1148229045308A6104C2198423085600AC1148229045308A6104C2198423085600AC1148229045308A6104C2198423085600AC1148229045308A6104C2198423085600AC1148229045308A6104C2198423085600AC1148229045308A6104C2198423085600AC1148229045308A6104C2198423085600AC1148229045308A6104C2198423085600AC1148229045308A6104C2198423085600AC1148229045308A6104C2198423085600AC1148229045308A6104C2198423085600AC1148229045308A6104C21984228B31F2DDFC20AD732D5E20000000049454E44AE426082, 4.23)
INSERT dbo.series(id, title, onLine, description, miniature, trailer, evaluation) VALUES (7, 'Et sed autem quo omnis incidunt.', '1970-03-30', 'In nostrum ad velit sequi tempora. Et sed autem. Nemo fugit aut. Vel voluptas impedit. Sit dignissimos qui! Excepturi porro quo.', 0x89504E470D0A1A0A0000000D494844520000006400000064080600000070E29554000000017352474200AECE1CE90000000467414D410000B18F0BFC61050000000970485973000012740000127401DE661F78000000F349444154785EEDD1310100300CC0A0AA99FF7B6EEAA4363872A080797F368E423085600AC1148229045308A6104C2198423085600AC1148229045308A6104C2198423085600AC1148229045308A6104C2198423085600AC1148229045308A6104C2198423085600AC1148229045308A6104C2198423085600AC1148229045308A6104C2198423085600AC1148229045308A6104C2198423085600AC1148229045308A6104C2198423085600AC1148229045308A6104C2198423085600AC1148229045308A6104C2198423085600AC1148229045308A6104C2198423085600AC1148229045308A6104C2198423085600AA1CC1E547D870DB24F17E60000000049454E44AE426082, 0x89504E470D0A1A0A0000000D494844520000000A0000000A08060000008D32CFBD000000017352474200AECE1CE90000000467414D410000B18F0BFC61050000000970485973000012740000127401DE661F780000001849444154285363905BB7F821317854215E4C6D858B1F0200CA86E74167B7FBE00000000049454E44AE426082, 4.84)
INSERT dbo.series(id, title, onLine, description, miniature, trailer, evaluation) VALUES (8, 'Rerum eos quibusdam non dolores sit.', '2010-06-25', 'Quas eius suscipit. Eum quae ut. Pariatur eum cumque? Eveniet non aut. Ut adipisci alias? Nesciunt et atque! Error consequuntur optio. Ex et aperiam.', 0x89504E470D0A1A0A0000000D4948445200000019000000190806000000C4E98563000000017352474200AECE1CE90000000467414D410000B18F0BFC61050000000970485973000012740000127401DE661F780000003049444154484BEDCD3111000008C4305CE007FF1EFE7082860E6C1D32A7A6B3DF4C1013C40431414C1013C4043101B207D8061F55E5CF10F80000000049454E44AE426082, 0x89504E470D0A1A0A0000000D494844520000000A0000000A08060000008D32CFBD000000017352474200AECE1CE90000000467414D410000B18F0BFC61050000000970485973000012740000127401DE661F78000000184944415428536398BFE0D14362F0A842BC98DA0A1F3D0400B8422CD8D3E8F2EE0000000049454E44AE426082, 2.78)
INSERT dbo.series(id, title, onLine, description, miniature, trailer, evaluation) VALUES (9, 'Quo alias rerum numquam eum.', '1970-02-02', NULL, NULL, 0x89504E470D0A1A0A0000000D4948445200000019000000190806000000C4E98563000000017352474200AECE1CE90000000467414D410000B18F0BFC61050000000970485973000012740000127401DE661F780000002F49444154484BEDCD310D000008043192778630BCE2040D37B0DDD0B9359DFD6682982026880962829820268809903DF02201A1AE0A06650000000049454E44AE426082, 4.69)
INSERT dbo.series(id, title, onLine, description, miniature, trailer, evaluation) VALUES (10, 'Amet et ab temporibus iure magnam.', '1980-04-18', NULL, NULL, 0x89504E470D0A1A0A0000000D494844520000006400000064080600000070E29554000000017352474200AECE1CE90000000467414D410000B18F0BFC61050000000970485973000012740000127401DE661F78000000F449444154785EEDD12101002010003132108DFEE643BCA7C6C48925D87977278E423085600AC1148229045308A6104C2198423085600AC1148229045308A6104C2198423085600AC1148229045308A6104C2198423085600AC1148229045308A6104C2198423085600AC1148229045308A6104C2198423085600AC1148229045308A6104C2198423085600AC1148229045308A6104C2198423085600AC1148229045308A6104C2198423085600AC1148229045308A6104C2198423085600AC1148229045308A6104C2198423085600AC1148229045308A6104C2198423085600AC1148229045308A6104C2198423085600AA1EC7C7C9CFEAB0731F8AA0000000049454E44AE426082, 3.45)
INSERT dbo.series(id, title, onLine, description, miniature, trailer, evaluation) VALUES (11, 'Provident eos pariatur temporibus eum.', '1988-02-17', 'Ea qui consequatur necessitatibus eum quibusdam minima. Est doloremque natus error dolore iste molestias.', 0x89504E470D0A1A0A0000000D49484452000000320000003208060000001E3F88B1000000017352474200AECE1CE90000000467414D410000B18F0BFC61050000000970485973000012740000127401DE661F7800000054494441546843EDCF311100200C0031ECD5BF82EE88C0C61F97210272EECCFE40A446A446A446A446A446A446A446A446A446A446A446A446A446A446A446A446A446A446A446A446A446A446A446A4E693C8EC035CE22916307BA6A90000000049454E44AE426082, 0x89504E470D0A1A0A0000000D49484452000000010000000108060000001F15C489000000017352474200AECE1CE90000000467414D410000B18F0BFC61050000000970485973000012740000127401DE661F780000000D494441541857639036097B0800029A01879C9F86BE0000000049454E44AE426082, 5)
INSERT dbo.series(id, title, onLine, description, miniature, trailer, evaluation) VALUES (12, 'Ex adipisci sit.', '1970-07-25', 'Sed vero commodi. Aut ratione sed. Molestiae aut autem. Et quia perspiciatis! Debitis a quis; blanditiis laudantium qui; maxime dolorem quam; dignissimos...', 0x89504E470D0A1A0A0000000D4948445200000019000000190806000000C4E98563000000017352474200AECE1CE90000000467414D410000B18F0BFC61050000000970485973000012740000127401DE661F780000003049444154484BEDCD3111000008C430FC5B410932FE3082860E6C1D32A7663BDF4C1013C40431414C1013C40431013A074EAEDC224B3EDE890000000049454E44AE426082, 0x89504E470D0A1A0A0000000D494844520000006400000064080600000070E29554000000017352474200AECE1CE90000000467414D410000B18F0BFC61050000000970485973000012740000127401DE661F78000000F449444154785EEDD1310100200CC030ECE06CB6F7A2021B3D724441CEBBB37408891112232446488C90182131426284C408891112232446488C90182131426284C408891112232446488C90182131426284C408891112232446488C90182131426284C408891112232446488C90182131426284C408891112232446488C90182131426284C408891112232446488C90182131426284C408891112232446488C90182131426284C408891112232446488C90182131426284C408891112232446488C90182131426284C408891112232446488C90182131426284C408891112232446488C90182131426284C408891112232465F603C7422F255D520EA20000000049454E44AE426082, 3.19)
INSERT dbo.series(id, title, onLine, description, miniature, trailer, evaluation) VALUES (13, 'Incidunt consequatur ut perspiciatis.', '1970-02-21', 'Enim fuga quisquam in consequuntur veniam vero...', 0x89504E470D0A1A0A0000000D494844520000006400000064080600000070E29554000000017352474200AECE1CE90000000467414D410000B18F0BFC61050000000970485973000012740000127401DE661F78000000F349444154785EEDD1310100300CC0A01DF52FA0EEEA64363872A08037B317472198423085600AC1148229045308A6104C2198423085600AC1148229045308A6104C2198423085600AC1148229045308A6104C2198423085600AC1148229045308A6104C2198423085600AC1148229045308A6104C2198423085600AC1148229045308A6104C2198423085600AC1148229045308A6104C2198423085600AC1148229045308A6104C2198423085600AC1148229045308A6104C2198423085600AC1148229045308A6104C2198423085600AC1148229045308A6104C2198423085600AC1148229045308A6104C219842308550F63E795C10A63EB81B3C0000000049454E44AE426082, 0x89504E470D0A1A0A0000000D49484452000000050000000508060000008D6F26E5000000017352474200AECE1CE90000000467414D410000B18F0BFC61050000000970485973000012740000127401DE661F78000000134944415418576348972E7C888EA92F58F810004A482DB5A7DF6B540000000049454E44AE426082, 4.74)
INSERT dbo.series(id, title, onLine, description, miniature, trailer, evaluation) VALUES (14, 'Laborum fugit nihil.', '1970-02-05', 'Itaque aliquam ut repudiandae iste iusto aliquid. Velit dolor nulla. Eos voluptatem natus! Vel voluptas quia. Corrupti non et. Sed qui fugit.', 0x89504E470D0A1A0A0000000D494844520000006400000064080600000070E29554000000017352474200AECE1CE90000000467414D410000B18F0BFC61050000000970485973000012740000127401DE661F78000000F449444154785EEDD1310100200CC0304CECC42E3EE7041B397A4441CE7DB371148229045308A6104C2198423085600AC1148229045308A6104C2198423085600AC1148229045308A6104C2198423085600AC1148229045308A6104C2198423085600AC1148229045308A6104C2198423085600AC1148229045308A6104C2198423085600AC1148229045308A6104C2198423085600AC1148229045308A6104C2198423085600AC1148229045308A6104C2198423085600AC1148229045308A6104C2198423085600AC1148229045308A6104C2198423085600AC1148229045308A6104C2198423085600AC114822904530865F60331D86C33D28F6BB80000000049454E44AE426082, 0x89504E470D0A1A0A0000000D494844520000000A0000000A08060000008D32CFBD000000017352474200AECE1CE90000000467414D410000B18F0BFC61050000000970485973000012740000127401DE661F78000000184944415428536378FDF0C24362F0A842BC98DA0A2F3C040070E55CE4E607BB3A0000000049454E44AE426082, 3.34)
INSERT dbo.series(id, title, onLine, description, miniature, trailer, evaluation) VALUES (15, 'Aliquid qui et nihil facilis ut eos.', '1970-01-10', 'Consequuntur esse velit sed est similique in.', 0x89504E470D0A1A0A0000000D49484452000000320000003208060000001E3F88B1000000017352474200AECE1CE90000000467414D410000B18F0BFC61050000000970485973000012740000127401DE661F7800000055494441546843EDCF410D00200C0031820F1CE0DF0F4EB0D12CF7A880AE7DCF9BA088A688A688A688A688A688A688A688A688A688A688A688A688A688A688A688A688A688A688A688A688A688A688A6886648E4BC0F672372563E33D8350000000049454E44AE426082, 0x89504E470D0A1A0A0000000D49484452000000320000003208060000001E3F88B1000000017352474200AECE1CE90000000467414D410000B18F0BFC61050000000970485973000012740000127401DE661F7800000054494441546843EDCF310D0020100031B6B7826ABCE1041B0DB9A102BACE9EFB83229A229A229A229A229A229A229A229A229A229A229A229A229A229A229A229A229A229A229A229A229A229A229A229A4F22731FE3B16829E40804500000000049454E44AE426082, 3.38)
INSERT dbo.series(id, title, onLine, description, miniature, trailer, evaluation) VALUES (16, 'Rerum amet dolorem sit omnis.', '1989-06-06', NULL, NULL, 0x89504E470D0A1A0A0000000D494844520000006400000064080600000070E29554000000017352474200AECE1CE90000000467414D410000B18F0BFC61050000000970485973000012740000127401DE661F78000000F449444154785EEDD1310100200CC0306CA3053D133227D8C8D1230A72DE9D8DA3104C2198423085600AC1148229045308A6104C2198423085600AC1148229045308A6104C2198423085600AC1148229045308A6104C2198423085600AC1148229045308A6104C2198423085600AC1148229045308A6104C2198423085600AC1148229045308A6104C2198423085600AC1148229045308A6104C2198423085600AC1148229045308A6104C2198423085600AC1148229045308A6104C2198423085600AC1148229045308A6104C2198423085600AC1148229045308A6104C2198423085600AC1148229045308A6104C21984228B31FEF7587D7FC7B8C4D0000000049454E44AE426082, 5)
INSERT dbo.series(id, title, onLine, description, miniature, trailer, evaluation) VALUES (17, 'Modi perspiciatis et voluptas.', '2019-09-16', 'Quidem in quos. Voluptatibus debitis quae; voluptatem vero culpa. Culpa voluptatem quia! Mollitia iure est. Dignissimos aliquid quia? Dolorem vel quia! Atque.', 0x89504E470D0A1A0A0000000D49484452000000320000003208060000001E3F88B1000000017352474200AECE1CE90000000467414D410000B18F0BFC61050000000970485973000012740000127401DE661F7800000055494441546843EDCF410D00200C00314CA1151778C209369AE51E15D075F7791314D114D114D114D114D114D114D114D114D114D114D114D114D114D114D114D114D114D114D114D114D114D114D114D10C899CF70103DE02066535A9050000000049454E44AE426082, 0x89504E470D0A1A0A0000000D49484452000000050000000508060000008D6F26E5000000017352474200AECE1CE90000000467414D410000B18F0BFC61050000000970485973000012740000127401DE661F780000001349444154185763D0FEAAFB101D535F50F721001D00367FD0283E7A0000000049454E44AE426082, 4.9)
INSERT dbo.series(id, title, onLine, description, miniature, trailer, evaluation) VALUES (18, 'Deserunt perspiciatis labore nulla.', '2003-10-29', 'Error magni non natus quisquam consequuntur. Saepe voluptate aut; nesciunt eaque quia. Qui illum unde! Repellendus accusamus ea. Expedita rem aut.', 0x89504E470D0A1A0A0000000D494844520000000A0000000A08060000008D32CFBD000000017352474200AECE1CE90000000467414D410000B18F0BFC61050000000970485973000012740000127401DE661F780000001749444154285363F83837F021317854215E4C6D85810F015DB61310FCC0B7770000000049454E44AE426082, NULL, 5)
INSERT dbo.series(id, title, onLine, description, miniature, trailer, evaluation) VALUES (19, 'Optio incidunt perspiciatis.', '1970-01-20', 'Velit et voluptatem. Omnis qui repellendus! Perspiciatis sed voluptatem. Distinctio error cupiditate. Et rem sint. Perspiciatis qui dolor. Nihil nostrum quia.', 0x89504E470D0A1A0A0000000D49484452000000050000000508060000008D6F26E5000000017352474200AECE1CE90000000467414D410000B18F0BFC61050000000970485973000012740000127401DE661F780000001349444154185763F8F2D0E9213AA6BEA0D3430044524A39A25CF4940000000049454E44AE426082, 0x89504E470D0A1A0A0000000D494844520000000A0000000A08060000008D32CFBD000000017352474200AECE1CE90000000467414D410000B18F0BFC61050000000970485973000012740000127401DE661F7800000017494441542853636053F37B480C1E558817535BA1DF43000AE8878D65961B2E0000000049454E44AE426082, 3.35)
INSERT dbo.series(id, title, onLine, description, miniature, trailer, evaluation) VALUES (20, 'Quis ducimus qui et enim libero nihil.', '2020-01-16', 'Voluptatum provident unde. Omnis quia eius. Esse pariatur dolores! Officia harum aut. Ex ipsum mollitia. Sunt veniam mollitia. Sunt omnis culpa. Non!', 0x89504E470D0A1A0A0000000D4948445200000019000000190806000000C4E98563000000017352474200AECE1CE90000000467414D410000B18F0BFC61050000000970485973000012740000127401DE661F780000002F49444154484BEDCD2101000008C440BA5099221F89266498C04D9CBEEAC97E33414C1013C40431414C1013C404C81E466294857DFE26EC0000000049454E44AE426082, 0x89504E470D0A1A0A0000000D49484452000000320000003208060000001E3F88B1000000017352474200AECE1CE90000000467414D410000B18F0BFC61050000000970485973000012740000127401DE661F7800000054494441546843EDCF310D0020100031FCB120F8CDE0041B0DB9A102BACE9EFB83229A229A229A229A229A229A229A229A229A229A229A229A229A229A229A229A229A229A229A229A229A229A229A229A4F22731FB6CDAC1C8765194D0000000049454E44AE426082, 1.3)
INSERT dbo.series(id, title, onLine, description, miniature, trailer, evaluation) VALUES (21, 'Ut consequatur omnis voluptate.', '1970-01-01', 'Et autem doloremque. Unde recusandae et aut unde commodi ipsa. Sint vitae quisquam voluptates velit adipisci harum.', 0x89504E470D0A1A0A0000000D4948445200000019000000190806000000C4E98563000000017352474200AECE1CE90000000467414D410000B18F0BFC61050000000970485973000012740000127401DE661F780000002F49444154484BEDCD2101000008C4404AE3C946936F428609DCC4E9ABDEC93713C40431414C1013C40431414C80C9014A3D5573468B70DB0000000049454E44AE426082, 0x89504E470D0A1A0A0000000D49484452000000050000000508060000008D6F26E5000000017352474200AECE1CE90000000467414D410000B18F0BFC61050000000970485973000012740000127401DE661F780000001349444154185763E067D9FF101D535F70FF43008F362A7CCC64C1800000000049454E44AE426082, 4.93)
INSERT dbo.series(id, title, onLine, description, miniature, trailer, evaluation) VALUES (22, 'Aut dignissimos dolorem.', '1970-03-04', 'Aliquid consequuntur aut; consequatur delectus est. Autem optio sit. At eaque enim. Ut corrupti non; minus omnis consequuntur; ut quia ad; accusantium ipsa.', 0x89504E470D0A1A0A0000000D4948445200000019000000190806000000C4E98563000000017352474200AECE1CE90000000467414D410000B18F0BFC61050000000970485973000012740000127401DE661F780000002F49444154484BEDCD2101000008C440029191AE6FC8418609DCC4E9AB9DCE3713C40431414C1013C40431414C80CE014F6DF62D922226160000000049454E44AE426082, 0x89504E470D0A1A0A0000000D494844520000000A0000000A08060000008D32CFBD000000017352474200AECE1CE90000000467414D410000B18F0BFC61050000000970485973000012740000127401DE661F780000001849444154285363D058B7E621317854215E4C6D856B1E0200C076EEAD8CD11D310000000049454E44AE426082, 5)
INSERT dbo.series(id, title, onLine, description, miniature, trailer, evaluation) VALUES (23, 'Veniam vero soluta sit error itaque.', '1975-03-14', 'Id iste omnis. Pariatur dignissimos dolorem! Totam incidunt sint. Adipisci tempora sed. Ab a quasi; voluptatem et repellendus. Et sed qui. Rem ut quo.', 0x89504E470D0A1A0A0000000D49484452000000320000003208060000001E3F88B1000000017352474200AECE1CE90000000467414D410000B18F0BFC61050000000970485973000012740000127401DE661F7800000055494441546843EDCF310D002010003106ACA006FF0270828DE673430574DD7DDE044534453445344534453445344534453445344534453445344534453445344534453445344534453445344534453445344322E77DB1C502D8A06638130000000049454E44AE426082, NULL, 2.6)
INSERT dbo.series(id, title, onLine, description, miniature, trailer, evaluation) VALUES (24, 'Similique minus ut.', '1982-04-29', 'Fugiat natus ex vitae similique rerum porro. Cum provident eum laborum quia. Quos omnis dolorem? Harum eos ab rerum.', 0x89504E470D0A1A0A0000000D49484452000000010000000108060000001F15C489000000017352474200AECE1CE90000000467414D410000B18F0BFC61050000000970485973000012740000127401DE661F780000000D4944415418576360643EF11000028301AECDD90C6A0000000049454E44AE426082, 0x89504E470D0A1A0A0000000D49484452000000050000000508060000008D6F26E5000000017352474200AECE1CE90000000467414D410000B18F0BFC61050000000970485973000012740000127401DE661F78000000134944415418576348395EFD101D535FB0FA2100E7A73F303683E42D0000000049454E44AE426082, 5)
INSERT dbo.series(id, title, onLine, description, miniature, trailer, evaluation) VALUES (25, 'Repellendus molestiae iste fuga ut.', '1983-04-09', NULL, NULL, 0x89504E470D0A1A0A0000000D494844520000006400000064080600000070E29554000000017352474200AECE1CE90000000467414D410000B18F0BFC61050000000970485973000012740000127401DE661F78000000F349444154785EEDD1C10000300C00B1FA4B0DA10C3599461EF70841E6CD5E1C85600AC1148229045308A6104C2198423085600AC1148229045308A6104C2198423085600AC1148229045308A6104C2198423085600AC1148229045308A6104C2198423085600AC1148229045308A6104C2198423085600AC1148229045308A6104C2198423085600AC1148229045308A6104C2198423085600AC1148229045308A6104C2198423085600AC1148229045308A6104C2198423085600AC1148229045308A6104C2198423085600AC1148229045308A6104C2198423085600AC1148229045308A6104C2198423085600AC11442D9FB9C2115826A3664940000000049454E44AE426082, 5)
INSERT dbo.series(id, title, onLine, description, miniature, trailer, evaluation) VALUES (26, 'Molestias quae error adipisci alias.', '2003-11-09', 'Error corporis aliquam odio tenetur consequatur. Quam omnis officiis blanditiis quia et doloribus. Nulla sit cupiditate. Saepe amet qui reiciendis modi iusto!', 0x89504E470D0A1A0A0000000D494844520000000A0000000A08060000008D32CFBD000000017352474200AECE1CE90000000467414D410000B18F0BFC61050000000970485973000012740000127401DE661F780000001849444154285363F8FC6BE54362F0A842BC98DA0A573E0400A17F5A8CBD6AE1C70000000049454E44AE426082, 0x89504E470D0A1A0A0000000D4948445200000019000000190806000000C4E98563000000017352474200AECE1CE90000000467414D410000B18F0BFC61050000000970485973000012740000127401DE661F780000002F49444154484BEDCD2101000008C4404A9181BC1F89266498C04D9CBE9ACE7E33414C1013C40431414C1013C404C81ECE58047A77CC62060000000049454E44AE426082, 3.15)
INSERT dbo.series(id, title, onLine, description, miniature, trailer, evaluation) VALUES (27, 'Vitae dolorem fugit id repudiandae.', '1970-01-02', 'Illum fugit a dolorem rem omnis non. Pariatur impedit sed consequatur quam doloremque eius. Ex iste fuga. Obcaecati nostrum fuga!', 0x89504E470D0A1A0A0000000D49484452000000050000000508060000008D6F26E5000000017352474200AECE1CE90000000467414D410000B18F0BFC61050000000970485973000012740000127401DE661F780000001349444154185763F87B87F1213AA6BE20E343000FC44444C88F1C530000000049454E44AE426082, 0x89504E470D0A1A0A0000000D4948445200000019000000190806000000C4E98563000000017352474200AECE1CE90000000467414D410000B18F0BFC61050000000970485973000012740000127401DE661F780000004A49444154484BB5C8310100200CC0B0E9C20FC2E7040339CB912733E7EE77CC1AB3C6AC316BCC1AB3C6AC316BCC1AB3C6AC316BCC1AB3C6AC316BCC1AB3C6AC316BCC1AB3C6AC3153771F15E9A9AE3CA65CC60000000049454E44AE426082, 2.89)
INSERT dbo.series(id, title, onLine, description, miniature, trailer, evaluation) VALUES (28, 'Esse velit sed est.', '1971-10-02', 'Rerum ut omnis. Beatae quam commodi. Reiciendis itaque pariatur? Voluptatem repudiandae autem. Quo eligendi quis? Blanditiis nobis iusto. Officia aliquam nam!', 0x89504E470D0A1A0A0000000D49484452000000050000000508060000008D6F26E5000000017352474200AECE1CE90000000467414D410000B18F0BFC61050000000970485973000012740000127401DE661F780000001349444154185763603739F8101D535FF0E0430067AD2E96684E378C0000000049454E44AE426082, 0x89504E470D0A1A0A0000000D49484452000000010000000108060000001F15C489000000017352474200AECE1CE90000000467414D410000B18F0BFC61050000000970485973000012740000127401DE661F780000000D49444154185763B867C9FC1000050F01FCDC7669040000000049454E44AE426082, 1.25)
INSERT dbo.series(id, title, onLine, description, miniature, trailer, evaluation) VALUES (29, 'Sunt eligendi et quidem in quos qui.', '2010-02-21', 'Qui officia et. Est error eum. Et nulla ut! In rerum similique? Et voluptatem eaque; et dolorum vitae. Quia accusamus esse!', 0x89504E470D0A1A0A0000000D49484452000000320000003208060000001E3F88B1000000017352474200AECE1CE90000000467414D410000B18F0BFC61050000000970485973000012740000127401DE661F7800000055494441546843EDCF410D00200C0031EC4E1F2A9081136C34E41E15D075F6DC1F14D114D114D114D114D114D114D114D114D114D114D114D114D114D114D114D114D114D114D114D114D114D114D114D17C1299FB0035FC172E3EE4E0270000000049454E44AE426082, 0x89504E470D0A1A0A0000000D4948445200000019000000190806000000C4E98563000000017352474200AECE1CE90000000467414D410000B18F0BFC61050000000970485973000012740000127401DE661F780000002E49444154484BEDCD2101000008C440CA7E70628022C3046EE2F4D56CFA9B0962829820268809628298202640FA007B06DE932D1A8C160000000049454E44AE426082, 2.95)
INSERT dbo.series(id, title, onLine, description, miniature, trailer, evaluation) VALUES (30, 'Quae maiores porro veritatis.', '1997-10-21', 'Soluta blanditiis sunt fugit sint sed nobis.', 0x89504E470D0A1A0A0000000D49484452000000050000000508060000008D6F26E5000000017352474200AECE1CE90000000467414D410000B18F0BFC61050000000970485973000012740000127401DE661F780000001349444154185763F07816F1101D535F30E2210042B63C10033727D40000000049454E44AE426082, 0x89504E470D0A1A0A0000000D494844520000000A0000000A08060000008D32CFBD000000017352474200AECE1CE90000000467414D410000B18F0BFC61050000000970485973000012740000127401DE661F780000001749444154285363B8D993FF90183CAA102FA6B6C2FC8700D5600EC42CFA8F100000000049454E44AE426082, 1.99)
INSERT dbo.series(id, title, onLine, description, miniature, trailer, evaluation) VALUES (31, 'Et enim ea numquam deserunt omnis.', '1970-12-22', 'Facilis id et; ut et nemo. Magnam doloremque a. Cumque optio velit. Doloremque vel laborum. Voluptatem quo beatae. Soluta nihil aliquam!', 0x89504E470D0A1A0A0000000D49484452000000050000000508060000008D6F26E5000000017352474200AECE1CE90000000467414D410000B18F0BFC61050000000970485973000012740000127401DE661F780000001349444154185763D0D952F9101D535FB0F2210053C937AB550D57AF0000000049454E44AE426082, NULL, 2.64)
INSERT dbo.series(id, title, onLine, description, miniature, trailer, evaluation) VALUES (32, 'Error ea aut vero magnam voluptatum.', '2015-05-25', 'Quia soluta id cumque voluptatum porro dolores.', 0x89504E470D0A1A0A0000000D494844520000006400000064080600000070E29554000000017352474200AECE1CE90000000467414D410000B18F0BFC61050000000970485973000012740000127401DE661F78000000F549444154785EEDD1311100200C00310E1DF857513375828D0C3F4441CE7DB371148229045308A6104C2198423085600AC1148229045308A6104C2198423085600AC1148229045308A6104C2198423085600AC1148229045308A6104C2198423085600AC1148229045308A6104C2198423085600AC1148229045308A6104C2198423085600AC1148229045308A6104C2198423085600AC1148229045308A6104C2198423085600AC1148229045308A6104C2198423085600AC1148229045308A6104C2198423085600AC1148229045308A6104C2198423085600AC1148229045308A6104C2198423085600AC114822904530865F60328B89C9E8A887C920000000049454E44AE426082, 0x89504E470D0A1A0A0000000D49484452000000010000000108060000001F15C489000000017352474200AECE1CE90000000467414D410000B18F0BFC61050000000970485973000012740000127401DE661F780000000D49444154185763D87364CA4300074A02F69BFC5B180000000049454E44AE426082, 1.55)
INSERT dbo.series(id, title, onLine, description, miniature, trailer, evaluation) VALUES (33, 'Rerum natus molestiae.', '1970-10-11', 'Vel quasi id. Labore sint quo. Omnis sunt tempora ipsam et. Iste delectus consectetur placeat minus et voluptatum.', 0x89504E470D0A1A0A0000000D4948445200000019000000190806000000C4E98563000000017352474200AECE1CE90000000467414D410000B18F0BFC61050000000970485973000012740000127401DE661F780000002F49444154484BEDCD2101000008C4409A5186B6A4F8266498C04D9CBEEA9D7C33414C1013C40431414C1013C404981C8FFCA32B0B30939D0000000049454E44AE426082, 0x89504E470D0A1A0A0000000D49484452000000050000000508060000008D6F26E5000000017352474200AECE1CE90000000467414D410000B18F0BFC61050000000970485973000012740000127401DE661F780000001349444154185763D8B72EEB213AA6BE60D64300EA9943E0B8D9584D0000000049454E44AE426082, 1.66)
INSERT dbo.series(id, title, onLine, description, miniature, trailer, evaluation) VALUES (34, 'Magni non natus quisquam consequuntur.', '1970-11-18', NULL, NULL, 0x89504E470D0A1A0A0000000D494844520000000A0000000A08060000008D32CFBD000000017352474200AECE1CE90000000467414D410000B18F0BFC61050000000970485973000012740000127401DE661F780000001749444154285363B00B547C480C1E558817535BA1E24300221F9CA53E19F77E0000000049454E44AE426082, 5)
INSERT dbo.series(id, title, onLine, description, miniature, trailer, evaluation) VALUES (35, 'Blanditiis magnam est nesciunt eaque.', '2008-05-08', 'Quae ut aut et debitis aut dolorem.', 0x89504E470D0A1A0A0000000D4948445200000019000000190806000000C4E98563000000017352474200AECE1CE90000000467414D410000B18F0BFC61050000000970485973000012740000127401DE661F780000003049444154484BEDCD2101000008C4403A7CFF2854A0034DC830819B387DD593FD6682982026880962829820268809903DD327186AAE5C02B30000000049454E44AE426082, 0x89504E470D0A1A0A0000000D494844520000000A0000000A08060000008D32CFBD000000017352474200AECE1CE90000000467414D410000B18F0BFC61050000000970485973000012740000127401DE661F78000000174944415428536360616D7A480C1E558817535B61D343004AC18E31383C7F6D0000000049454E44AE426082, 1.44)
INSERT dbo.series(id, title, onLine, description, miniature, trailer, evaluation) VALUES (36, 'Natus et provident ipsum.', '2000-05-29', 'Est molestiae quod. Et voluptatem a! Officiis eos molestias. Fugiat commodi qui! Natus quia est. Voluptatem exercitationem ut. Ut assumenda ad? Tempore.', 0x89504E470D0A1A0A0000000D49484452000000010000000108060000001F15C489000000017352474200AECE1CE90000000467414D410000B18F0BFC61050000000970485973000012740000127401DE661F780000000D4944415418576398F4B0F7210006EB02E27371A7540000000049454E44AE426082, 0x89504E470D0A1A0A0000000D49484452000000050000000508060000008D6F26E5000000017352474200AECE1CE90000000467414D410000B18F0BFC61050000000970485973000012740000127401DE661F78000000134944415418576378BD79DA43744C7DC1690F01D1564D0E7C28F3BE0000000049454E44AE426082, 3.58)
INSERT dbo.series(id, title, onLine, description, miniature, trailer, evaluation) VALUES (37, 'Consequuntur expedita rem aut.', '1994-05-18', 'Autem nemo porro ea itaque. Quisquam quaerat omnis qui dolorum voluptatem; amet harum optio. Iste dicta omnis? Modi ea ipsa.', 0x89504E470D0A1A0A0000000D49484452000000320000003208060000001E3F88B1000000017352474200AECE1CE90000000467414D410000B18F0BFC61050000000970485973000012740000127401DE661F7800000056494441546843EDCF410D00200C003124CC00FE55200627D868C83D2AA0EBECB93F28A229A229A229A229A229A229A229A229A229A229A229A229A229A229A229A229A229A229A229A229A229A229A229A2F92432F70185BD836C257C3A7F0000000049454E44AE426082, NULL, 4.3)
INSERT dbo.series(id, title, onLine, description, miniature, trailer, evaluation) VALUES (38, 'Quia voluptatem qui sit.', '1995-03-10', NULL, NULL, 0x89504E470D0A1A0A0000000D49484452000000050000000508060000008D6F26E5000000017352474200AECE1CE90000000467414D410000B18F0BFC61050000000970485973000012740000127401DE661F78000000134944415418576348747CFC101D535FF0F1430032673BF77E05FD160000000049454E44AE426082, 1.41)
INSERT dbo.series(id, title, onLine, description, miniature, trailer, evaluation) VALUES (39, 'Omnis magni libero ex eius.', '1970-10-23', 'Quidem omnis numquam molestias. Minus quia porro ea blanditiis dolor recusandae. Reiciendis vitae officia sit earum adipisci voluptatem!', 0x89504E470D0A1A0A0000000D49484452000000320000003208060000001E3F88B1000000017352474200AECE1CE90000000467414D410000B18F0BFC61050000000970485973000012740000127401DE661F7800000054494441546843EDCF310D00201000313634211B4938C146F3B9A102BAEE3E6F82229A229A229A229A229A229A229A229A229A229A229A229A229A229A229A229A229A229A229A229A229A229A229A229A2191F33EC2B7C7C8404DFDFC0000000049454E44AE426082, NULL, 1.7)
INSERT dbo.series(id, title, onLine, description, miniature, trailer, evaluation) VALUES (40, 'Distinctio error cupiditate culpa.', '1984-09-12', 'Recusandae doloremque dolor perspiciatis in rerum. Sed dolore numquam quo doloribus deleniti expedita. Qui sit laboriosam! Repellendus inventore sapiente.', 0x89504E470D0A1A0A0000000D494844520000000A0000000A08060000008D32CFBD000000017352474200AECE1CE90000000467414D410000B18F0BFC61050000000970485973000012740000127401DE661F7800000017494441542853639050B07A480C1E558817535BA1D543009763846D3843C33F0000000049454E44AE426082, 0x89504E470D0A1A0A0000000D494844520000000A0000000A08060000008D32CFBD000000017352474200AECE1CE90000000467414D410000B18F0BFC61050000000970485973000012740000127401DE661F780000001749444154285363304AB47C480C1E558817535BA1E54300DC2FA7951BBC90ED0000000049454E44AE426082, 5)
INSERT dbo.series(id, title, onLine, description, miniature, trailer, evaluation) VALUES (41, 'Error amet nam voluptatibus voluptas.', '2014-12-05', 'Sit aliquid tempore. Dolorum eos tempore. Voluptatem error ea. Perspiciatis est id. Sed aliquid qui. Quasi magnam velit? Natus animi ipsa. Vero a excepturi.', 0x89504E470D0A1A0A0000000D4948445200000019000000190806000000C4E98563000000017352474200AECE1CE90000000467414D410000B18F0BFC61050000000970485973000012740000127401DE661F780000002F49444154484BEDCD2101000008C44014FD33E13F044DC830819B387D359DFD6682982026880962829820268809903DAB5902716FDBCFD00000000049454E44AE426082, 0x89504E470D0A1A0A0000000D4948445200000019000000190806000000C4E98563000000017352474200AECE1CE90000000467414D410000B18F0BFC61050000000970485973000012740000127401DE661F780000002F49444154484BEDCD2101000008C4402CD1C947826F428609DCC4E9ABEDC93713C40431414C1013C40431414C80C901313F8D32699FA09B0000000049454E44AE426082, 2.08)
INSERT dbo.series(id, title, onLine, description, miniature, trailer, evaluation) VALUES (42, 'Quia nesciunt quibusdam aperiam.', '1976-02-19', NULL, NULL, 0x89504E470D0A1A0A0000000D49484452000000050000000508060000008D6F26E5000000017352474200AECE1CE90000000467414D410000B18F0BFC61050000000970485973000012740000127401DE661F78000000134944415418576398C3B8F1213AA6BEE0C6870020523698BFDC0F740000000049454E44AE426082, 2.91)
INSERT dbo.series(id, title, onLine, description, miniature, trailer, evaluation) VALUES (43, 'Et omnis quia eius error enim nihil.', '1982-04-14', 'Enim sunt obcaecati veritatis deleniti. Eius dolor omnis quis aspernatur. Accusantium esse minima incidunt qui natus ipsa.', 0x89504E470D0A1A0A0000000D49484452000000320000003208060000001E3F88B1000000017352474200AECE1CE90000000467414D410000B18F0BFC61050000000970485973000012740000127401DE661F7800000055494441546843EDCF410D00200C00315CA10337D8C509369AE51E15D0B5EF791314D114D114D114D114D114D114D114D114D114D114D114D114D114D114D114D114D114D114D114D114D114D114D114D10C899CF70176625A53C6C1C5750000000049454E44AE426082, NULL, 5)
INSERT dbo.series(id, title, onLine, description, miniature, trailer, evaluation) VALUES (44, 'Officia harum aut omnis sequi beatae.', '1985-01-29', 'Natus expedita ut dolorem. Qui aut error et officiis beatae. Rerum necessitatibus omnis magnam nostrum. Debitis facere ipsum. Nesciunt nulla officia!', 0x89504E470D0A1A0A0000000D49484452000000050000000508060000008D6F26E5000000017352474200AECE1CE90000000467414D410000B18F0BFC61050000000970485973000012740000127401DE661F78000000134944415418576330DD3BF9213AA6BEE0E4870035EB3BF716C4D0DF0000000049454E44AE426082, 0x89504E470D0A1A0A0000000D4948445200000019000000190806000000C4E98563000000017352474200AECE1CE90000000467414D410000B18F0BFC61050000000970485973000012740000127401DE661F780000002F49444154484BEDCD2101000008C440CCF74F45053C4DC830819B387DD593FD6682982026880962829820268809903D21521D4CC4CF20E60000000049454E44AE426082, 4.33)
INSERT dbo.series(id, title, onLine, description, miniature, trailer, evaluation) VALUES (45, 'Ut voluptatem et ut error ut.', '1979-11-27', 'Enim dolorem laboriosam perferendis perspiciatis aut perspiciatis; itaque molestias sit sunt architecto veritatis quia.', 0x89504E470D0A1A0A0000000D49484452000000320000003208060000001E3F88B1000000017352474200AECE1CE90000000467414D410000B18F0BFC61050000000970485973000012740000127401DE661F7800000054494441546843EDCF410D00200C003132FC4B401C4EB0D1907B5440D73E737F504453445344534453445344534453445344534453445344534453445344534453445344534453445344534453445344F34964EE03DA02C41FC8A10EDD0000000049454E44AE426082, 0x89504E470D0A1A0A0000000D49484452000000050000000508060000008D6F26E5000000017352474200AECE1CE90000000467414D410000B18F0BFC61050000000970485973000012740000127401DE661F780000001349444154185763D0687AF2101D535FF0C943005B523CD8AFED1FC70000000049454E44AE426082, 3.67)
INSERT dbo.series(id, title, onLine, description, miniature, trailer, evaluation) VALUES (46, 'Laboriosam et vero quia.', '2012-08-03', 'Perspiciatis ut quae dolor rerum amet id. Id pariatur quia commodi rerum quia velit.', 0x89504E470D0A1A0A0000000D49484452000000050000000508060000008D6F26E5000000017352474200AECE1CE90000000467414D410000B18F0BFC61050000000970485973000012740000127401DE661F78000000134944415418576358216AF2101D535FD0E421004C3C2D8368FF8B390000000049454E44AE426082, 0x89504E470D0A1A0A0000000D4948445200000019000000190806000000C4E98563000000017352474200AECE1CE90000000467414D410000B18F0BFC61050000000970485973000012740000127401DE661F780000002F49444154484BEDCD2101000008C440C4272516ED68428609DCC4E9AB9EEC3713C40431414C1013C40431414C80EC0191A9968EC13678160000000049454E44AE426082, 5)
INSERT dbo.series(id, title, onLine, description, miniature, trailer, evaluation) VALUES (47, 'Iusto magnam sit eum nisi.', '1979-03-23', 'Doloribus error vel accusamus quibusdam. Quaerat maiores quasi illo exercitationem minima ea. Aut qui recusandae perspiciatis; voluptate est maiores nostrum.', 0x89504E470D0A1A0A0000000D4948445200000019000000190806000000C4E98563000000017352474200AECE1CE90000000467414D410000B18F0BFC61050000000970485973000012740000127401DE661F780000002F49444154484BEDCD2101000008C440D25194041F89266498C04D9CBEEAC97E33414C1013C40431414C1013C404C81EFDE90EA6712E10090000000049454E44AE426082, 0x89504E470D0A1A0A0000000D494844520000006400000064080600000070E29554000000017352474200AECE1CE90000000467414D410000B18F0BFC61050000000970485973000012740000127401DE661F78000000F349444154785EEDD121010020000431129185FEEE9B5063E2C412ECDCB7C55108A6104C2198423085600AC1148229045308A6104C2198423085600AC1148229045308A6104C2198423085600AC1148229045308A6104C2198423085600AC1148229045308A6104C2198423085600AC1148229045308A6104C2198423085600AC1148229045308A6104C2198423085600AC1148229045308A6104C2198423085600AC1148229045308A6104C2198423085600AC1148229045308A6104C2198423085600AC1148229045308A6104C2198423085600AC1148229045308A6104C2198423085600AC1148229045308A6104C2194ED030745E91A3D0040490000000049454E44AE426082, 5)
INSERT dbo.series(id, title, onLine, description, miniature, trailer, evaluation) VALUES (48, 'Dolor laborum minus sint vitae.', '1970-03-09', 'Iste quia exercitationem odit. Sequi necessitatibus sed odio tempore et possimus. Labore et voluptatibus. Ut est minus in qui sed et.', 0x89504E470D0A1A0A0000000D494844520000000A0000000A08060000008D32CFBD000000017352474200AECE1CE90000000467414D410000B18F0BFC61050000000970485973000012740000127401DE661F78000000184944415428536398E8F7E521317854215E4C6D855F1E020035060E6034E24D5D0000000049454E44AE426082, 0x89504E470D0A1A0A0000000D494844520000000A0000000A08060000008D32CFBD000000017352474200AECE1CE90000000467414D410000B18F0BFC61050000000970485973000012740000127401DE661F780000001749444154285363E03E62F890183CAA102FA6B642C387001F4ABBE5839EF4430000000049454E44AE426082, 1.34)
INSERT dbo.series(id, title, onLine, description, miniature, trailer, evaluation) VALUES (49, 'Enim alias omnis ducimus dolorem.', '1995-08-28', NULL, NULL, 0x89504E470D0A1A0A0000000D4948445200000019000000190806000000C4E98563000000017352474200AECE1CE90000000467414D410000B18F0BFC61050000000970485973000012740000127401DE661F780000003049444154484BEDCD2101000008C440621085FE4DDE11830C13B889D357B39D6F26880962829820268809628298009D03A5911F556DD3E2AC0000000049454E44AE426082, 1.88)
INSERT dbo.series(id, title, onLine, description, miniature, trailer, evaluation) VALUES (50, 'Laborum dolorem reiciendis est.', '2016-05-31', 'Molestiae laborum natus; atque aut et. Quo nulla aliquid; dolor eum unde? Accusantium natus et. Et sapiente sint! Dolor consequuntur omnis. Eius ratione!', 0x89504E470D0A1A0A0000000D49484452000000050000000508060000008D6F26E5000000017352474200AECE1CE90000000467414D410000B18F0BFC61050000000970485973000012740000127401DE661F780000001349444154185763285929F4101D535F50E821008B6F3391D572C4930000000049454E44AE426082, 0x89504E470D0A1A0A0000000D49484452000000050000000508060000008D6F26E5000000017352474200AECE1CE90000000467414D410000B18F0BFC61050000000970485973000012740000127401DE661F78000000134944415418576338725BE6213AA6BEA0CC4300670E413DD74D38EA0000000049454E44AE426082, 5)
GO
SET IDENTITY_INSERT dbo.series OFF
GO

--
-- Inserting data into table dbo.subscriptions
--
SET IDENTITY_INSERT dbo.subscriptions ON
GO
INSERT dbo.subscriptions(id, name, price, description, videoResolution, simultaneousDevices) VALUES (1, 'Essentiel', 11.9, 'Quis non vel. Saepe voluptate voluptates? Deleniti sunt quam. Praesentium omnis voluptatem. Nemo optio ratione! Necessitatibus consequatur tenetur.', 1, 1)
INSERT dbo.subscriptions(id, name, price, description, videoResolution, simultaneousDevices) VALUES (2, 'Standard', 16.9, 'Unde sint tenetur vero necessitatibus eligendi ut.', 2, 2)
INSERT dbo.subscriptions(id, name, price, description, videoResolution, simultaneousDevices) VALUES (3, 'Premium', 21.9, 'Odit ducimus non voluptate facere illo libero. Atque explicabo voluptatem! Cupiditate architecto incidunt. Vel aut quia. Voluptatem natus assumenda; cumque.', 3, 4)
GO
SET IDENTITY_INSERT dbo.subscriptions OFF
GO

--
-- Inserting data into table dbo.account
--
SET IDENTITY_INSERT dbo.account ON
GO
INSERT dbo.account(id, firstName, lastName, birth, npa, city, street, email, phone, meansOfPayment_id, subscriptions_id) VALUES (1, 'Letha', 'Wahl', '1971-03-09', 7198, 'Boca Raton', '461 NW Riddle Hill Lane, Concord, NH, 04357', 'Bolt@nowhere.com', 798552341, 3, 3)
INSERT dbo.account(id, firstName, lastName, birth, npa, city, street, email, phone, meansOfPayment_id, subscriptions_id) VALUES (2, 'Kraig', 'Boucher', '1979-10-13', 1463, 'University Place', '11 Red Lake Hwy, Harrisburg, Pennsylvania, 30254', 'Morehead@example.com', 710678968, 3, 1)
INSERT dbo.account(id, firstName, lastName, birth, npa, city, street, email, phone, meansOfPayment_id, subscriptions_id) VALUES (3, 'Harlan', 'Ludwig', '2001-11-16', 1585, 'North Royalton', '1753 North Church Pkwy, Boise, Idaho, 95705', 'qpzre411@example.com', 596572225, 3, 1)
INSERT dbo.account(id, firstName, lastName, birth, npa, city, street, email, phone, meansOfPayment_id, subscriptions_id) VALUES (4, 'Brad', 'Craven', '1992-06-11', 5563, 'Atlantic', '1695 Hidden Deepwood Cir, Superior Bldg, Indianapolis, Indiana, 88231', 'Bray162@example.com', 754367293, 3, 2)
INSERT dbo.account(id, firstName, lastName, birth, npa, city, street, email, phone, meansOfPayment_id, subscriptions_id) VALUES (5, 'Enrique', 'Sizemore', '1990-05-14', 8587, 'Marquette', '970 Riddle Hill Pkwy, Comcast Building, Albany, New York, 12229', 'Sidney_Agnew3@nowhere.com', 317631763, 2, 1)
INSERT dbo.account(id, firstName, lastName, birth, npa, city, street, email, phone, meansOfPayment_id, subscriptions_id) VALUES (6, 'Bennie', 'Flowers', '2010-12-04', 4195, 'Rochester', '1955 Front Road, Madison, WI, 37006', 'xmhz1900@nowhere.com', NULL, 3, 3)
INSERT dbo.account(id, firstName, lastName, birth, npa, city, street, email, phone, meansOfPayment_id, subscriptions_id) VALUES (7, 'Francis', 'Conway', '1975-01-02', 2807, 'Lindsay', '2844 North Woodfort St, Raleigh, NC, 26635', 'Monroe.Rinehart@nowhere.com', 240999813, 1, 2)
INSERT dbo.account(id, firstName, lastName, birth, npa, city, street, email, phone, meansOfPayment_id, subscriptions_id) VALUES (8, 'Nickie', 'Waite', '1977-03-18', 6337, 'Montgomery', '2989 East Pine Tree Road, Topeka, KS, 16758', 'Gutierrez73@example.com', 532538613, 1, 3)
INSERT dbo.account(id, firstName, lastName, birth, npa, city, street, email, phone, meansOfPayment_id, subscriptions_id) VALUES (9, 'Boyd', 'Skaggs', '1970-03-05', 8378, 'Allen Park', '62 Ashwood Pkwy, 3rd Floor, Madison, Wisconsin, 04370', 'FelipaAbernathy@nowhere.com', 875183474, 3, 3)
INSERT dbo.account(id, firstName, lastName, birth, npa, city, street, email, phone, meansOfPayment_id, subscriptions_id) VALUES (10, 'Alonzo', 'Peacock', '1975-10-11', 7961, 'Monroe', '40 Bayview Lane, Topeka, Kansas, 52885', 'Adler@example.com', 298649095, 2, 1)
INSERT dbo.account(id, firstName, lastName, birth, npa, city, street, email, phone, meansOfPayment_id, subscriptions_id) VALUES (11, 'Reed', 'Hwang', '2012-01-07', 7833, 'Surfside', '18 2nd Ct, 1st FL, Pierre, SD, 48106', 'uadm55@example.com', 294484863, 1, 3)
INSERT dbo.account(id, firstName, lastName, birth, npa, city, street, email, phone, meansOfPayment_id, subscriptions_id) VALUES (12, 'Cory', 'Boudreau', '1970-01-05', 3553, 'Aberdeen', '664 Town Way, Oklahoma City, OK, 55081', 'Caldwell@example.com', 900770969, 2, 3)
INSERT dbo.account(id, firstName, lastName, birth, npa, city, street, email, phone, meansOfPayment_id, subscriptions_id) VALUES (13, 'Abbie', 'Crawford', '1990-07-05', 1934, 'Rio Rancho', '66 East Quailwood Rd, Standard Building, Montgomery, AL, 48135', 'NathanielC_Christman823@example.com', 703407953, 2, 1)
INSERT dbo.account(id, firstName, lastName, birth, npa, city, street, email, phone, meansOfPayment_id, subscriptions_id) VALUES (14, 'Lazaro', 'Wakefield', '1970-01-01', 5418, 'Redwood Falls', '3215 Beachwood Highway, Lincoln, Nebraska, 38238', 'Valdez@example.com', 718023464, 2, 2)
INSERT dbo.account(id, firstName, lastName, birth, npa, city, street, email, phone, meansOfPayment_id, subscriptions_id) VALUES (15, 'Danielle', 'Mcgrath', '2012-09-23', 2025, 'Syracuse', '3927 North Town Street, Augusta, Maine, 09086', 'Rich.F_Hutchins@example.com', 486021121, 1, 1)
INSERT dbo.account(id, firstName, lastName, birth, npa, city, street, email, phone, meansOfPayment_id, subscriptions_id) VALUES (16, 'Gregorio', 'Conyers', '1981-04-01', 3030, 'Melbourne', '3235 NW Farmview Loop, Boston, Massachusetts, 65476', 'phkfhcmu_jjjdjuvrms@example.com', 690799825, 1, 1)
INSERT dbo.account(id, firstName, lastName, birth, npa, city, street, email, phone, meansOfPayment_id, subscriptions_id) VALUES (17, 'Monty', 'Floyd', '1990-10-12', 4334, 'Anaconda', '1765 Ironwood Hwy, Kearns Bldg, Juneau, AK, 44263', 'AdalineW.Radford8@example.com', 288086582, 1, 1)
INSERT dbo.account(id, firstName, lastName, birth, npa, city, street, email, phone, meansOfPayment_id, subscriptions_id) VALUES (18, 'Abby', 'Skelton', '1972-07-30', 5026, 'Castle Shannon', '739 Waterview Hwy, Helena, MT, 64021', 'SmalleyS@nowhere.com', 668310299, 1, 2)
INSERT dbo.account(id, firstName, lastName, birth, npa, city, street, email, phone, meansOfPayment_id, subscriptions_id) VALUES (19, 'Evelin', 'Walden', '2018-10-23', 1457, 'Saraland', '3949 New Town Blvd, Guardian Building, Phoenix, AZ, 19385', 'gxsgr25@example.com', 883993487, 2, 2)
INSERT dbo.account(id, firstName, lastName, birth, npa, city, street, email, phone, meansOfPayment_id, subscriptions_id) VALUES (20, 'Earline', 'Boudreaux', '1970-03-24', 1960, 'Eagar', '44 White Glenwood Court, Appartment 9, Salt Lake City, Utah, 30714', 'ikzv7@nowhere.com', 544070038, 3, 3)
INSERT dbo.account(id, firstName, lastName, birth, npa, city, street, email, phone, meansOfPayment_id, subscriptions_id) VALUES (21, 'Viviana', 'Lugo', '2018-06-04', 3666, 'Portola Valley', '1752 East Chapel Hill Highway, Austin, Texas, 53257', 'AmosBliss189@example.com', 547428421, 2, 2)
INSERT dbo.account(id, firstName, lastName, birth, npa, city, street, email, phone, meansOfPayment_id, subscriptions_id) VALUES (22, 'Chae', 'Hyatt', '2009-11-23', 3611, 'Clayton', '34 New Waterview Loop, 3rd FL, Carson City, NV, 56781', 'jajk3595@example.com', 918694944, 2, 2)
INSERT dbo.account(id, firstName, lastName, birth, npa, city, street, email, phone, meansOfPayment_id, subscriptions_id) VALUES (23, 'Delta', 'Skidmore', '2020-04-03', 5015, 'Murphysboro', '875 Stonewood Pkwy, Carson City, Nevada, 72024', 'sdyfq9887@nowhere.com', 412811181, 2, 2)
INSERT dbo.account(id, firstName, lastName, birth, npa, city, street, email, phone, meansOfPayment_id, subscriptions_id) VALUES (24, 'Toney', 'Lujan', '1987-07-17', 7613, 'Elko', '786 Rock Hill Drive, Augusta, Maine, 44321', 'Newsome21@example.com', 826624777, 2, 2)
INSERT dbo.account(id, firstName, lastName, birth, npa, city, street, email, phone, meansOfPayment_id, subscriptions_id) VALUES (25, 'Wynell', 'Waldron', '1970-11-09', 2528, 'Augusta', '3984 Ironwood Loop, Santa Fe, NM, 62291', 'Hoover@example.com', 281403275, 2, 1)
INSERT dbo.account(id, firstName, lastName, birth, npa, city, street, email, phone, meansOfPayment_id, subscriptions_id) VALUES (26, 'Ashley', 'Cook', '1980-10-14', 7503, 'Negaunee', '1912 E Deepwood Ave, Austin, Texas, 55348', 'Russell@nowhere.com', 698115213, 1, 3)
INSERT dbo.account(id, firstName, lastName, birth, npa, city, street, email, phone, meansOfPayment_id, subscriptions_id) VALUES (27, 'Ressie', 'Crawley', '2016-10-16', 6510, 'Aberdeen', '63 Waterview Ct, Boise, ID, 60661', 'DorcasLadner5@example.com', 429306485, 2, 2)
INSERT dbo.account(id, firstName, lastName, birth, npa, city, street, email, phone, meansOfPayment_id, subscriptions_id) VALUES (28, 'Shane', 'Hyde', '1970-03-29', 2552, 'Blakely', '37 Market Street, APT 666, Cheyenne, Wyoming, 21327', 'OlgaFerry@example.com', 754181964, 3, 3)
INSERT dbo.account(id, firstName, lastName, birth, npa, city, street, email, phone, meansOfPayment_id, subscriptions_id) VALUES (29, 'Raleigh', 'Lumpkin', '1983-09-09', 2984, 'Dahlonega', '3249 Fox Hill Ct, 1st FL, Saint Paul, Minnesota, 69091', 'pqfmmt48@example.com', 303661988, 2, 2)
INSERT dbo.account(id, firstName, lastName, birth, npa, city, street, email, phone, meansOfPayment_id, subscriptions_id) VALUES (30, 'Jean', 'Skinner', '1970-04-08', 6572, 'Albany', '804 West Bayview Ln, STE 1849, Trenton, NJ, 49680', 'OdellG752@example.com', 595339864, 3, 1)
INSERT dbo.account(id, firstName, lastName, birth, npa, city, street, email, phone, meansOfPayment_id, subscriptions_id) VALUES (31, 'Roosevelt', 'Peak', '1980-01-04', 6887, 'Pigeon Forge', '546 NW Waterview Blvd, Duke Energy Building, Charleston, WV, 15053', 'LakeeshaAbel8@example.com', 450612942, 2, 1)
INSERT dbo.account(id, firstName, lastName, birth, npa, city, street, email, phone, meansOfPayment_id, subscriptions_id) VALUES (32, 'Alanna', 'Waldrop', '2019-02-05', 3617, 'Talladega', '92 3rd Ct, Montpelier, Vermont, 60820', 'Scarborough@example.com', 888725124, 2, 3)
INSERT dbo.account(id, firstName, lastName, birth, npa, city, street, email, phone, meansOfPayment_id, subscriptions_id) VALUES (33, 'Lilliana', 'Skipper', '1986-04-08', 1988, 'Redding', '729 Meadowview Drive, Hartford, Connecticut, 90181', 'MathewDeal16@example.com', 609852833, 3, 3)
INSERT dbo.account(id, firstName, lastName, birth, npa, city, street, email, phone, meansOfPayment_id, subscriptions_id) VALUES (34, 'Amiee', 'Walker', '1979-11-27', 6630, 'Maple Heights', '1787 Mountain Loop, Salt Lake City, UT, 54836', 'LaveraLRoberge63@nowhere.com', 371315685, 3, 1)
INSERT dbo.account(id, firstName, lastName, birth, npa, city, street, email, phone, meansOfPayment_id, subscriptions_id) VALUES (35, 'Rene', 'Flynn', '1999-03-22', 9539, 'Chanhassen', '1664 NW Edgewood Pkwy, Buhl Building, Tallahassee, Florida, 40360', 'LucillaAbreu267@example.com', 449517381, 1, 2)
INSERT dbo.account(id, firstName, lastName, birth, npa, city, street, email, phone, meansOfPayment_id, subscriptions_id) VALUES (36, 'Demarcus', 'Crayton', '2017-10-14', 4790, 'Columbia Falls', '283 Sharp Hill Parkway, STE 8682, Dover, Delaware, 25934', 'Sturgill@example.com', 620326869, 3, 3)
INSERT dbo.account(id, firstName, lastName, birth, npa, city, street, email, phone, meansOfPayment_id, subscriptions_id) VALUES (37, 'Ashley', 'Mcgraw', '2002-06-16', 7807, 'Columbia', '31 SE Stonewood Lane, Annapolis, Maryland, 85286', 'pcvmbj959@nowhere.com', 592978774, 1, 2)
INSERT dbo.account(id, firstName, lastName, birth, npa, city, street, email, phone, meansOfPayment_id, subscriptions_id) VALUES (38, 'Abel', 'Fogle', '1974-08-09', 2294, 'Strongsville', '963 2nd Parkway, Atlanta, Georgia, 68754', 'Ketchum@example.com', 265094212, 1, 2)
INSERT dbo.account(id, firstName, lastName, birth, npa, city, street, email, phone, meansOfPayment_id, subscriptions_id) VALUES (39, 'Ali', 'Hyland', '1982-06-21', 9440, 'Beaver', '442 White Edgewood Ct, Frankfort, Kentucky, 20402', 'CierraCheatham@nowhere.com', 745722252, 3, 3)
INSERT dbo.account(id, firstName, lastName, birth, npa, city, street, email, phone, meansOfPayment_id, subscriptions_id) VALUES (40, 'Clark', 'Luna', '1999-12-08', 2932, 'South Holland', '718 NW Hunting Hill Blvd, Albany, New York, 70768', 'Tanner_Banuelos@example.com', 805166317, 3, 2)
INSERT dbo.account(id, firstName, lastName, birth, npa, city, street, email, phone, meansOfPayment_id, subscriptions_id) VALUES (41, 'Adam', 'Slack', '2000-07-08', 3172, 'Aberdeen', '924 East Church Pkwy, Buhl Building, Sacramento, California, 45033', 'MalcomKnutson757@nowhere.com', 471468134, 3, 3)
INSERT dbo.account(id, firstName, lastName, birth, npa, city, street, email, phone, meansOfPayment_id, subscriptions_id) VALUES (42, 'Gayle', 'Pearce', '1987-02-13', 1815, 'Doraville', '365 Red Beachwood Ct, Bartlett Building, Montgomery, Alabama, 78518', 'Alley91@example.com', 576697452, 1, 1)
INSERT dbo.account(id, firstName, lastName, birth, npa, city, street, email, phone, meansOfPayment_id, subscriptions_id) VALUES (43, 'Kristy', 'Bounds', '2019-03-03', 1672, 'Malden', '467 SE Hazelwood Loop, 7th FL, Charleston, WV, 26819', 'Nickie_B_Ambrose@nowhere.com', 726583690, 2, 1)
INSERT dbo.account(id, firstName, lastName, birth, npa, city, street, email, phone, meansOfPayment_id, subscriptions_id) VALUES (44, 'Ryan', 'Wallace', '1970-03-10', 5354, 'Santa Fe', '3747 Farmview Blvd, Bartlett Building, Olympia, WA, 43866', 'SanfordRivas721@example.com', 672590356, 2, 3)
INSERT dbo.account(id, firstName, lastName, birth, npa, city, street, email, phone, meansOfPayment_id, subscriptions_id) VALUES (45, 'Marjory', 'Slade', '1970-05-22', 1233, 'Fairlawn', '1388 Ironwood Ln, Cheyenne, WY, 22475', 'Rudolph358@example.com', NULL, 3, 2)
INSERT dbo.account(id, firstName, lastName, birth, npa, city, street, email, phone, meansOfPayment_id, subscriptions_id) VALUES (46, 'Christopher', 'Creamer', '1973-09-19', 3828, 'Pismo Beach', '1321 9th Circle, Bismarck, North Dakota, 66160', 'Tenisha_Mcclintock@nowhere.com', 462047863, 2, 1)
INSERT dbo.account(id, firstName, lastName, birth, npa, city, street, email, phone, meansOfPayment_id, subscriptions_id) VALUES (47, 'Abraham', 'Wallen', '1981-09-17', 9538, 'Abbeville', '91 Bayview Dr, Lincoln, NE, 73119', 'utxpbh4739@example.com', NULL, 2, 1)
INSERT dbo.account(id, firstName, lastName, birth, npa, city, street, email, phone, meansOfPayment_id, subscriptions_id) VALUES (48, 'Lavelle', 'Mcgregor', '1980-05-25', 4637, 'Michigan City', '1684 White Sharp Hill Street, Juneau, Alaska, 00157', 'Adolph.Antoine@example.com', 237224355, 2, 3)
INSERT dbo.account(id, firstName, lastName, birth, npa, city, street, email, phone, meansOfPayment_id, subscriptions_id) VALUES (49, 'Brigida', 'Foley', '1995-04-04', 8681, 'Wapato', '84 Ski Hill Hwy, Providence, RI, 35291', 'BalderasG5@example.com', 527942536, 3, 1)
INSERT dbo.account(id, firstName, lastName, birth, npa, city, street, email, phone, meansOfPayment_id, subscriptions_id) VALUES (50, 'Cristobal', 'Cooke', '1997-02-22', 6691, 'Ogdensburg', '30 51th Road, Equitable Building, Trenton, New Jersey, 66590', 'Ted.Mace49@example.com', 810547881, 1, 2)
GO
SET IDENTITY_INSERT dbo.account OFF
GO

--
-- Inserting data into table dbo.episodes
--
SET IDENTITY_INSERT dbo.episodes ON
GO
INSERT dbo.episodes(id, title, number, duration, description, miniature, evaluation, seasons_id, imageResolutions_id) VALUES (1, 'Deleniti molestiae aut aliquid nobis.', 24, '01:00:26', NULL, NULL, NULL, 10, 2)
INSERT dbo.episodes(id, title, number, duration, description, miniature, evaluation, seasons_id, imageResolutions_id) VALUES (2, 'Reprehenderit voluptas vel pariatur.', 22, '00:35:07', 'Optio totam quas. Et nihil reiciendis.', 0x89504E470D0A1A0A0000000D494844520000000A0000000A08060000008D32CFBD000000017352474200AECE1CE90000000467414D410000B18F0BFC61050000000970485973000012740000127401DE661F780000001749444154285363701599F690183CAA102FA6B6C2690F01B97EB5412413FC560000000049454E44AE426082, 4.1, 10, 1)
INSERT dbo.episodes(id, title, number, duration, description, miniature, evaluation, seasons_id, imageResolutions_id) VALUES (3, 'Quia tempora voluptatem.', 9, '01:02:49', 'Velit autem impedit. Velit fugiat sit.', 0x89504E470D0A1A0A0000000D49484452000000320000003208060000001E3F88B1000000017352474200AECE1CE90000000467414D410000B18F0BFC61050000000970485973000012740000127401DE661F7800000055494441546843EDCF410D00200C00316C22110F98C109369AE51E15D0B5EF791314D114D114D114D114D114D114D114D114D114D114D114D114D114D114D114D114D114D114D114D114D114D114D114D10C899CF7012FDF9A34447D6D2B0000000049454E44AE426082, 2.34, 11, 3)
INSERT dbo.episodes(id, title, number, duration, description, miniature, evaluation, seasons_id, imageResolutions_id) VALUES (4, 'Iure possimus quod consequatur.', 7, '00:35:40', 'Qui omnis nemo. Totam qui molestiae!', 0x89504E470D0A1A0A0000000D4948445200000019000000190806000000C4E98563000000017352474200AECE1CE90000000467414D410000B18F0BFC61050000000970485973000012740000127401DE661F780000002F49444154484BEDCD2101000008C4402293862AE4F9266498C04D9CBEEA9D7C33414C1013C40431414C1013C404981C51846419EBF7E8990000000049454E44AE426082, 4.88, 48, 3)
INSERT dbo.episodes(id, title, number, duration, description, miniature, evaluation, seasons_id, imageResolutions_id) VALUES (5, 'Delectus totam qui.', 3, '00:47:34', 'Alias quidem recusandae. Velit harum!', 0x89504E470D0A1A0A0000000D49484452000000010000000108060000001F15C489000000017352474200AECE1CE90000000467414D410000B18F0BFC61050000000970485973000012740000127401DE661F780000000D4944415418576388E60C7F0800031B019DA567C3440000000049454E44AE426082, 2.19, 35, 1)
INSERT dbo.episodes(id, title, number, duration, description, miniature, evaluation, seasons_id, imageResolutions_id) VALUES (6, 'Voluptas similique doloribus unde.', 24, '00:39:28', 'Ut cum aspernatur. Suscipit quidem.', 0x89504E470D0A1A0A0000000D49484452000000320000003208060000001E3F88B1000000017352474200AECE1CE90000000467414D410000B18F0BFC61050000000970485973000012740000127401DE661F7800000054494441546843EDCF310D0020100031067C2206A538C146F3B9A102BAEE3E6F82229A229A229A229A229A229A229A229A229A229A229A229A229A229A229A229A229A229A229A229A229A229A229A229A2191F33E4A055C5C2B3294950000000049454E44AE426082, 3.41, 35, 3)
INSERT dbo.episodes(id, title, number, duration, description, miniature, evaluation, seasons_id, imageResolutions_id) VALUES (7, 'Minus qui quia quos quia ut.', 1, '00:38:39', 'Aut voluptatem consectetur; amet?', 0x89504E470D0A1A0A0000000D49484452000000320000003208060000001E3F88B1000000017352474200AECE1CE90000000467414D410000B18F0BFC61050000000970485973000012740000127401DE661F7800000053494441546843EDCF410D00200C0031B08D207CE1041BCD728F0AE8DAF7BC098A688A688A688A688A688A688A688A688A688A688A688A688A688A688A688A688A688A688A688A688A688A688A688A688644CEFBA3189CA6727C8DB70000000049454E44AE426082, 4.28, 7, 3)
INSERT dbo.episodes(id, title, number, duration, description, miniature, evaluation, seasons_id, imageResolutions_id) VALUES (8, 'Mollitia nihil porro enim quos.', 21, '00:38:17', 'Qui quo doloremque. Deserunt est.', 0x89504E470D0A1A0A0000000D49484452000000320000003208060000001E3F88B1000000017352474200AECE1CE90000000467414D410000B18F0BFC61050000000970485973000012740000127401DE661F7800000055494441546843EDCF310D002010003194E07F47C06BC109361A724305749D3DF7074534453445344534453445344534453445344534453445344534453445344534453445344534453445344534453445349F44E63E366DD8DEBFB230F40000000049454E44AE426082, 1.73, 5, 1)
INSERT dbo.episodes(id, title, number, duration, description, miniature, evaluation, seasons_id, imageResolutions_id) VALUES (9, 'Harum et rem.', 30, '00:48:47', 'Veniam maxime est. Praesentium.', 0x89504E470D0A1A0A0000000D494844520000000A0000000A08060000008D32CFBD000000017352474200AECE1CE90000000467414D410000B18F0BFC61050000000970485973000012740000127401DE661F7800000017494441542853630889747F480C1E558817535BA1FB43006FB2B7351E975E380000000049454E44AE426082, 1.76, 29, 3)
INSERT dbo.episodes(id, title, number, duration, description, miniature, evaluation, seasons_id, imageResolutions_id) VALUES (10, 'Ut fugit qui accusantium ut numquam.', 1, '00:53:37', 'Sed libero facere. Sit pariatur quia.', 0x89504E470D0A1A0A0000000D49484452000000050000000508060000008D6F26E5000000017352474200AECE1CE90000000467414D410000B18F0BFC61050000000970485973000012740000127401DE661F780000001349444154185763087BCDF3101D535F90E72100246C367F281A62870000000049454E44AE426082, 5, 14, 1)
INSERT dbo.episodes(id, title, number, duration, description, miniature, evaluation, seasons_id, imageResolutions_id) VALUES (11, 'Voluptatem inventore nulla quas nemo.', 22, '01:02:00', 'Adipisci alias omnis. Molestias sunt?', 0x89504E470D0A1A0A0000000D494844520000000A0000000A08060000008D32CFBD000000017352474200AECE1CE90000000467414D410000B18F0BFC61050000000970485973000012740000127401DE661F780000001849444154285363786F3FF721317854215E4C6D85731F0200F95D0B4008C778C10000000049454E44AE426082, 1.88, 31, 1)
INSERT dbo.episodes(id, title, number, duration, description, miniature, evaluation, seasons_id, imageResolutions_id) VALUES (12, 'Aut consectetur et id praesentium.', 4, '00:46:21', 'At dolorem distinctio. Minus vel!', 0x89504E470D0A1A0A0000000D494844520000006400000064080600000070E29554000000017352474200AECE1CE90000000467414D410000B18F0BFC61050000000970485973000012740000127401DE661F78000000F449444154785EEDD12101002010003122D1E22DFDDD37A1C6C48925D87977368E423085600AC1148229045308A6104C2198423085600AC1148229045308A6104C2198423085600AC1148229045308A6104C2198423085600AC1148229045308A6104C2198423085600AC1148229045308A6104C2198423085600AC1148229045308A6104C2198423085600AC1148229045308A6104C2198423085600AC1148229045308A6104C2198423085600AC1148229045308A6104C2198423085600AC1148229045308A6104C2198423085600AC1148229045308A6104C2198423085600AC1148229045308A6104C2198423085600AA1CC7ECE52B641585C058A0000000049454E44AE426082, 2.52, 36, 2)
INSERT dbo.episodes(id, title, number, duration, description, miniature, evaluation, seasons_id, imageResolutions_id) VALUES (13, 'Dolorem qui non ex quaerat.', 6, '00:45:37', 'Reprehenderit et ipsum; aperiam.', 0x89504E470D0A1A0A0000000D494844520000000A0000000A08060000008D32CFBD000000017352474200AECE1CE90000000467414D410000B18F0BFC61050000000970485973000012740000127401DE661F780000001849444154285363F0FDB4E421317854215E4C6D854B1E02003E6114A0F158D6460000000049454E44AE426082, 4.85, 13, 1)
INSERT dbo.episodes(id, title, number, duration, description, miniature, evaluation, seasons_id, imageResolutions_id) VALUES (14, 'Qui commodi doloremque omnis.', 6, '00:59:02', 'Consequatur rerum consequatur. Dolorem.', 0x89504E470D0A1A0A0000000D49484452000000010000000108060000001F15C489000000017352474200AECE1CE90000000467414D410000B18F0BFC61050000000970485973000012740000127401DE661F780000000D49444154185763E014557D08000193012582342C150000000049454E44AE426082, 1.11, 21, 2)
INSERT dbo.episodes(id, title, number, duration, description, miniature, evaluation, seasons_id, imageResolutions_id) VALUES (15, 'Et adipisci alias omnis vitae error.', 5, '00:53:14', 'Nulla saepe rem. Voluptatem aut.', 0x89504E470D0A1A0A0000000D49484452000000050000000508060000008D6F26E5000000017352474200AECE1CE90000000467414D410000B18F0BFC61050000000970485973000012740000127401DE661F780000001349444154185763B89A73FD213AA6BEE0F5870037EB4A5221B115730000000049454E44AE426082, 1.99, 21, 3)
INSERT dbo.episodes(id, title, number, duration, description, miniature, evaluation, seasons_id, imageResolutions_id) VALUES (16, 'Autem dolor error est exercitationem.', 25, '00:46:53', 'Vel unde dignissimos. Tempora quo!', 0x89504E470D0A1A0A0000000D494844520000000A0000000A08060000008D32CFBD000000017352474200AECE1CE90000000467414D410000B18F0BFC61050000000970485973000012740000127401DE661F780000001749444154285363A81078FC90183CAA102FA6B6C2C70F019387E5B1C85BAB560000000049454E44AE426082, 5, 1, 2)
INSERT dbo.episodes(id, title, number, duration, description, miniature, evaluation, seasons_id, imageResolutions_id) VALUES (17, 'Unde quia quo est.', 25, '00:36:44', 'Et nulla beatae. Rerum sapiente sit.', 0x89504E470D0A1A0A0000000D49484452000000050000000508060000008D6F26E5000000017352474200AECE1CE90000000467414D410000B18F0BFC61050000000970485973000012740000127401DE661F780000001349444154185763C89F57F3101D535FB0E6210052883C5B92F842220000000049454E44AE426082, 5, 31, 3)
INSERT dbo.episodes(id, title, number, duration, description, miniature, evaluation, seasons_id, imageResolutions_id) VALUES (18, 'Doloribus sint itaque nam quia.', 4, '00:57:48', 'Et nisi hic. Aspernatur iure.', 0x89504E470D0A1A0A0000000D49484452000000010000000108060000001F15C489000000017352474200AECE1CE90000000467414D410000B18F0BFC61050000000970485973000012740000127401DE661F780000000D4944415418576360EA727F0800031A01B5EACB3CBA0000000049454E44AE426082, 5, 32, 3)
INSERT dbo.episodes(id, title, number, duration, description, miniature, evaluation, seasons_id, imageResolutions_id) VALUES (19, 'Consequatur rerum consequatur qui.', 18, '00:55:41', 'Iste asperiores nam dolor hic est.', 0x89504E470D0A1A0A0000000D49484452000000320000003208060000001E3F88B1000000017352474200AECE1CE90000000467414D410000B18F0BFC61050000000970485973000012740000127401DE661F7800000054494441546843EDCF51090020104031C12A46B5A84DAC318EF7B1005BFB9E3741114D114D114D114D114D114D114D114D114D114D114D114D114D114D114D114D114D114D114D114D114D114D114D11CD90C8791F51631C129709C79F0000000049454E44AE426082, 4.2, 20, 3)
INSERT dbo.episodes(id, title, number, duration, description, miniature, evaluation, seasons_id, imageResolutions_id) VALUES (20, 'Odit molestiae omnis.', 17, '00:43:34', 'Enim tenetur id. Et porro magnam.', 0x89504E470D0A1A0A0000000D49484452000000010000000108060000001F15C489000000017352474200AECE1CE90000000467414D410000B18F0BFC61050000000970485973000012740000127401DE661F780000000D49444154185763E875367B0800044F01E8B1D7E90F0000000049454E44AE426082, 3.14, 42, 3)
INSERT dbo.episodes(id, title, number, duration, description, miniature, evaluation, seasons_id, imageResolutions_id) VALUES (21, 'Magnam voluptatem aut nostrum iste.', 26, '00:50:19', 'Qui labore minima. Et modi et.', 0x89504E470D0A1A0A0000000D494844520000006400000064080600000070E29554000000017352474200AECE1CE90000000467414D410000B18F0BFC61050000000970485973000012740000127401DE661F78000000F449444154785EEDD1310100200CC0303E14CC3DE6E6041B397A4441CE7DB371148229045308A6104C2198423085600AC1148229045308A6104C2198423085600AC1148229045308A6104C2198423085600AC1148229045308A6104C2198423085600AC1148229045308A6104C2198423085600AC1148229045308A6104C2198423085600AC1148229045308A6104C2198423085600AC1148229045308A6104C2198423085600AC1148229045308A6104C2198423085600AC1148229045308A6104C2198423085600AC1148229045308A6104C2198423085600AC1148229045308A6104C2198423085600AC114822904530865F603D63C6C33A07786390000000049454E44AE426082, 5, 18, 1)
INSERT dbo.episodes(id, title, number, duration, description, miniature, evaluation, seasons_id, imageResolutions_id) VALUES (22, 'Beatae recusandae veniam nostrum.', 22, '00:35:08', 'Error soluta sit. Doloremque quia ut!', 0x89504E470D0A1A0A0000000D49484452000000050000000508060000008D6F26E5000000017352474200AECE1CE90000000467414D410000B18F0BFC61050000000970485973000012740000127401DE661F7800000013494441541857631058C1FA101D535F90F5210034C8286F3E290C0B0000000049454E44AE426082, 3, 1, 2)
INSERT dbo.episodes(id, title, number, duration, description, miniature, evaluation, seasons_id, imageResolutions_id) VALUES (23, 'Voluptatem quia aut repudiandae.', 6, '00:40:56', 'Ut eligendi distinctio. Eaque ipsa.', 0x89504E470D0A1A0A0000000D4948445200000019000000190806000000C4E98563000000017352474200AECE1CE90000000467414D410000B18F0BFC61050000000970485973000012740000127401DE661F780000002F49444154484BEDCD2101000008C440FA538B221F024F8609DCC4E9ABD9CE3713C40431414C1013C40431414C80CE01A8C1ADBFE1EFCA410000000049454E44AE426082, 2.3, 48, 1)
INSERT dbo.episodes(id, title, number, duration, description, miniature, evaluation, seasons_id, imageResolutions_id) VALUES (24, 'Ipsam qui unde est consectetur omnis.', 15, '00:51:27', 'Dolorum magni qui; aliquam voluptatem.', 0x89504E470D0A1A0A0000000D49484452000000010000000108060000001F15C489000000017352474200AECE1CE90000000467414D410000B18F0BFC61050000000970485973000012740000127401DE661F780000000D494441541857633820BDFF210005B5027C5808F4110000000049454E44AE426082, 5, 44, 1)
INSERT dbo.episodes(id, title, number, duration, description, miniature, evaluation, seasons_id, imageResolutions_id) VALUES (25, 'Nostrum qui ut accusamus nihil.', 20, '00:59:43', 'Autem et labore. Magni similique vel.', 0x89504E470D0A1A0A0000000D4948445200000019000000190806000000C4E98563000000017352474200AECE1CE90000000467414D410000B18F0BFC61050000000970485973000012740000127401DE661F780000002F49444154484BEDCD2101000008C4404292953E6FC8418609DCC4E9ABE9CD3713C40431414C1013C40431414C80CD01A761E09C1AFB93A50000000049454E44AE426082, 3.79, 37, 2)
INSERT dbo.episodes(id, title, number, duration, description, miniature, evaluation, seasons_id, imageResolutions_id) VALUES (26, 'Iure voluptates quia odit iste eos.', 8, '00:36:08', NULL, NULL, NULL, 4, 1)
INSERT dbo.episodes(id, title, number, duration, description, miniature, evaluation, seasons_id, imageResolutions_id) VALUES (27, 'Reprehenderit odit aspernatur.', 16, '00:52:07', 'Ut fugiat doloremque. Consequatur!', 0x89504E470D0A1A0A0000000D494844520000000A0000000A08060000008D32CFBD000000017352474200AECE1CE90000000467414D410000B18F0BFC61050000000970485973000012740000127401DE661F780000001849444154285363585DB4E021317854215E4C6D850B1E0200799105C8815EBBA90000000049454E44AE426082, 5, 34, 3)
INSERT dbo.episodes(id, title, number, duration, description, miniature, evaluation, seasons_id, imageResolutions_id) VALUES (28, 'Enim sit dicta dolorum porro est.', 26, '00:43:02', 'Architecto sunt qui. Consequuntur.', 0x89504E470D0A1A0A0000000D494844520000000A0000000A08060000008D32CFBD000000017352474200AECE1CE90000000467414D410000B18F0BFC61050000000970485973000012740000127401DE661F780000001849444154285363D8E8FCFC21317854215E4C6D85CF1F0200C8E811808F83BF060000000049454E44AE426082, 3.61, 26, 1)
INSERT dbo.episodes(id, title, number, duration, description, miniature, evaluation, seasons_id, imageResolutions_id) VALUES (29, 'Molestiae molestias quibusdam est ut.', 8, '00:48:01', 'Ut unde eveniet. Eaque dolor iusto. Ut!', 0x89504E470D0A1A0A0000000D494844520000006400000064080600000070E29554000000017352474200AECE1CE90000000467414D410000B18F0BFC61050000000970485973000012740000127401DE661F78000000F449444154785EEDD1310100200CC030A470E17622E7041B397A4441CE7DB371148229045308A6104C2198423085600AC1148229045308A6104C2198423085600AC1148229045308A6104C2198423085600AC1148229045308A6104C2198423085600AC1148229045308A6104C2198423085600AC1148229045308A6104C2198423085600AC1148229045308A6104C2198423085600AC1148229045308A6104C2198423085600AC1148229045308A6104C2198423085600AC1148229045308A6104C2198423085600AC1148229045308A6104C2198423085600AC1148229045308A6104C2198423085600AC114822904530865F603C3728B1F123B0C150000000049454E44AE426082, 1.3, 39, 1)
INSERT dbo.episodes(id, title, number, duration, description, miniature, evaluation, seasons_id, imageResolutions_id) VALUES (30, 'Consequuntur sit ea provident dolores.', 27, '01:02:27', 'Fuga officiis recusandae. Incidunt;', 0x89504E470D0A1A0A0000000D49484452000000320000003208060000001E3F88B1000000017352474200AECE1CE90000000467414D410000B18F0BFC61050000000970485973000012740000127401DE661F7800000055494441546843EDCF410D00200C0031144D0236D187136C34E41E15D075F6DC1F14D114D114D114D114D114D114D114D114D114D114D114D114D114D114D114D114D114D114D114D114D114D114D114D17C1299FB00B71C779F7F942E940000000049454E44AE426082, 1.54, 37, 1)
INSERT dbo.episodes(id, title, number, duration, description, miniature, evaluation, seasons_id, imageResolutions_id) VALUES (31, 'Error qui minima totam sint veritatis.', 9, '00:53:02', NULL, NULL, NULL, 20, 1)
INSERT dbo.episodes(id, title, number, duration, description, miniature, evaluation, seasons_id, imageResolutions_id) VALUES (32, 'Et perspiciatis iusto rem et eaque.', 29, '00:40:01', 'Minima rerum excepturi. Aut et alias!', 0x89504E470D0A1A0A0000000D49484452000000050000000508060000008D6F26E5000000017352474200AECE1CE90000000467414D410000B18F0BFC61050000000970485973000012740000127401DE661F780000001349444154185763B0E0757D888EA92FE8FA10002A6A23744CC92B1E0000000049454E44AE426082, 3.15, 1, 2)
INSERT dbo.episodes(id, title, number, duration, description, miniature, evaluation, seasons_id, imageResolutions_id) VALUES (33, 'Unde dolor numquam facilis et non.', 10, '01:01:20', 'Animi excepturi suscipit. Sequi natus.', 0x89504E470D0A1A0A0000000D4948445200000019000000190806000000C4E98563000000017352474200AECE1CE90000000467414D410000B18F0BFC61050000000970485973000012740000127401DE661F780000002F49444154484BEDCD310D0000080431F2410FFEEDE0040D37B0DDD0B9D593FD6682982026880962829820268809903DF7C4A4648DE8B1070000000049454E44AE426082, 2.92, 1, 3)
INSERT dbo.episodes(id, title, number, duration, description, miniature, evaluation, seasons_id, imageResolutions_id) VALUES (34, 'Voluptatem et minus ad labore.', 2, '00:36:34', 'Rem aut qui. Molestias velit;', 0x89504E470D0A1A0A0000000D494844520000006400000064080600000070E29554000000017352474200AECE1CE90000000467414D410000B18F0BFC61050000000970485973000012740000127401DE661F78000000F449444154785EEDD1310100200CC030B4216DCAB03227D8C8D1230A72DE9D8DA3104C2198423085600AC1148229045308A6104C2198423085600AC1148229045308A6104C2198423085600AC1148229045308A6104C2198423085600AC1148229045308A6104C2198423085600AC1148229045308A6104C2198423085600AC1148229045308A6104C2198423085600AC1148229045308A6104C2198423085600AC1148229045308A6104C2198423085600AC1148229045308A6104C2198423085600AC1148229045308A6104C2198423085600AC1148229045308A6104C2198423085600AC1148229045308A6104C21984228B31FE00F8EC4295636880000000049454E44AE426082, 4.51, 34, 3)
INSERT dbo.episodes(id, title, number, duration, description, miniature, evaluation, seasons_id, imageResolutions_id) VALUES (35, 'Iusto accusamus modi suscipit ipsa id.', 3, '00:37:28', 'Deleniti maiores dolore. Alias quo!', 0x89504E470D0A1A0A0000000D494844520000006400000064080600000070E29554000000017352474200AECE1CE90000000467414D410000B18F0BFC61050000000970485973000012740000127401DE661F78000000F449444154785EEDD1310100200CC0302C620C8F3BE7021B397A4441CEBB3B71148229045308A6104C2198423085600AC1148229045308A6104C2198423085600AC1148229045308A6104C2198423085600AC1148229045308A6104C2198423085600AC1148229045308A6104C2198423085600AC1148229045308A6104C2198423085600AC1148229045308A6104C2198423085600AC1148229045308A6104C2198423085600AC1148229045308A6104C2198423085600AC1148229045308A6104C2198423085600AC1148229045308A6104C2198423085600AC1148229045308A6104C2198423085600AC114822904530865E703AB9BEF9A28BC0FC40000000049454E44AE426082, 4.05, 7, 1)
INSERT dbo.episodes(id, title, number, duration, description, miniature, evaluation, seasons_id, imageResolutions_id) VALUES (36, 'Possimus doloremque dolor illum.', 24, '00:41:53', 'Sed itaque ut. In corrupti ullam. Hic.', 0x89504E470D0A1A0A0000000D49484452000000050000000508060000008D6F26E5000000017352474200AECE1CE90000000467414D410000B18F0BFC61050000000970485973000012740000127401DE661F78000000134944415418576370FDB5FE213AA6BEE0FA8700545246386A5ACE710000000049454E44AE426082, 5, 7, 1)
INSERT dbo.episodes(id, title, number, duration, description, miniature, evaluation, seasons_id, imageResolutions_id) VALUES (37, 'Quis quae modi sunt veniam commodi.', 2, '00:35:36', 'Aut et sed. Tempora ipsa ducimus. Et;', 0x89504E470D0A1A0A0000000D49484452000000010000000108060000001F15C489000000017352474200AECE1CE90000000467414D410000B18F0BFC61050000000970485973000012740000127401DE661F780000000D49444154185763483159F31000046A0226AF311FDE0000000049454E44AE426082, 2.82, 46, 3)
INSERT dbo.episodes(id, title, number, duration, description, miniature, evaluation, seasons_id, imageResolutions_id) VALUES (38, 'Esse ex ut unde eveniet et ut.', 15, '00:48:29', 'Perferendis consequatur aut; dicta.', 0x89504E470D0A1A0A0000000D49484452000000320000003208060000001E3F88B1000000017352474200AECE1CE90000000467414D410000B18F0BFC61050000000970485973000012740000127401DE661F7800000055494441546843EDCF310D0020100031066674E1DF014EB0D17C6EA880AEBBCF9BA088A688A688A688A688A688A688A688A688A688A688A688A688A688A688A688A688A688A688A688A688A688A688A6886648E4BC0FEB2204E1BCE5EFA70000000049454E44AE426082, 3.01, 18, 1)
INSERT dbo.episodes(id, title, number, duration, description, miniature, evaluation, seasons_id, imageResolutions_id) VALUES (39, 'Voluptatem omnis ad nulla consequatur.', 1, '00:55:19', 'Ad culpa asperiores. Facere illo error.', 0x89504E470D0A1A0A0000000D494844520000000A0000000A08060000008D32CFBD000000017352474200AECE1CE90000000467414D410000B18F0BFC61050000000970485973000012740000127401DE661F780000001749444154285363A83EDEFC90183CAA102FA6B6C2E68700F47308E8CCE1D48A0000000049454E44AE426082, 4.53, 9, 3)
INSERT dbo.episodes(id, title, number, duration, description, miniature, evaluation, seasons_id, imageResolutions_id) VALUES (40, 'Recusandae placeat tenetur ut.', 24, '00:35:03', 'Aut vel quo. Est eos consequatur!', 0x89504E470D0A1A0A0000000D49484452000000050000000508060000008D6F26E5000000017352474200AECE1CE90000000467414D410000B18F0BFC61050000000970485973000012740000127401DE661F780000001349444154185763D08E9478888EA92F28F110008AB42536291E5C690000000049454E44AE426082, 2.37, 15, 3)
INSERT dbo.episodes(id, title, number, duration, description, miniature, evaluation, seasons_id, imageResolutions_id) VALUES (41, 'Provident commodi assumenda iure quae.', 20, '00:55:28', 'Placeat accusamus et. Inventore ea.', 0x89504E470D0A1A0A0000000D49484452000000010000000108060000001F15C489000000017352474200AECE1CE90000000467414D410000B18F0BFC61050000000970485973000012740000127401DE661F780000000D4944415418576308B0617D080002E40173DFCDCA0D0000000049454E44AE426082, 5, 19, 1)
INSERT dbo.episodes(id, title, number, duration, description, miniature, evaluation, seasons_id, imageResolutions_id) VALUES (42, 'Sit hic quasi consequuntur ab quaerat.', 3, '00:44:16', 'Fuga omnis ut. Ducimus aspernatur.', 0x89504E470D0A1A0A0000000D49484452000000010000000108060000001F15C489000000017352474200AECE1CE90000000467414D410000B18F0BFC61050000000970485973000012740000127401DE661F780000000D49444154185763C8F7547D080003C701BFC0C9E63C0000000049454E44AE426082, 1.31, 21, 1)
INSERT dbo.episodes(id, title, number, duration, description, miniature, evaluation, seasons_id, imageResolutions_id) VALUES (43, 'Natus dolorum voluptatem quibusdam.', 3, '00:53:05', 'Eos nam qui. Velit aperiam ex.', 0x89504E470D0A1A0A0000000D4948445200000019000000190806000000C4E98563000000017352474200AECE1CE90000000467414D410000B18F0BFC61050000000970485973000012740000127401DE661F780000002F49444154484BEDCD2101000008C440145989FA3568428609DCC4E9ABE9EC3713C40431414C1013C40431414C80EC01549C1A73C67999B10000000049454E44AE426082, 4.92, 3, 1)
INSERT dbo.episodes(id, title, number, duration, description, miniature, evaluation, seasons_id, imageResolutions_id) VALUES (44, 'Dolorem id in ex voluptatem commodi.', 21, '00:50:41', 'Necessitatibus dolorem et. Aut sed.', 0x89504E470D0A1A0A0000000D49484452000000050000000508060000008D6F26E5000000017352474200AECE1CE90000000467414D410000B18F0BFC61050000000970485973000012740000127401DE661F780000001349444154185763E0D17CF4101D535FF0D14300F0B03139F41E6C8A0000000049454E44AE426082, 5, 36, 2)
INSERT dbo.episodes(id, title, number, duration, description, miniature, evaluation, seasons_id, imageResolutions_id) VALUES (45, 'Sit quia alias quo nisi sit qui.', 15, '01:03:25', 'Dolores eum itaque. Rem nobis sit.', 0x89504E470D0A1A0A0000000D4948445200000019000000190806000000C4E98563000000017352474200AECE1CE90000000467414D410000B18F0BFC61050000000970485973000012740000127401DE661F780000002F49444154484BEDCD2101000008C440B2D1BF04EFE9408609DCC4E9ABDECC3713C40431414C1013C40431414C80CC012893313CAF18BB9B0000000049454E44AE426082, 3.23, 31, 2)
INSERT dbo.episodes(id, title, number, duration, description, miniature, evaluation, seasons_id, imageResolutions_id) VALUES (46, 'Quia commodi repudiandae nihil in ut.', 10, '00:35:03', 'Adipisci impedit porro. Est omnis est.', 0x89504E470D0A1A0A0000000D494844520000006400000064080600000070E29554000000017352474200AECE1CE90000000467414D410000B18F0BFC61050000000970485973000012740000127401DE661F78000000F449444154785EEDD1310100200CC030DCE10127933B27D8C8D1230A72DE9D8DA3104C2198423085600AC1148229045308A6104C2198423085600AC1148229045308A6104C2198423085600AC1148229045308A6104C2198423085600AC1148229045308A6104C2198423085600AC1148229045308A6104C2198423085600AC1148229045308A6104C2198423085600AC1148229045308A6104C2198423085600AC1148229045308A6104C2198423085600AC1148229045308A6104C2198423085600AC1148229045308A6104C2198423085600AC1148229045308A6104C2198423085600AC1148229045308A6104C21984228B31F4E666134F2BEB8B60000000049454E44AE426082, 3.97, 22, 3)
INSERT dbo.episodes(id, title, number, duration, description, miniature, evaluation, seasons_id, imageResolutions_id) VALUES (47, 'Quia nihil rerum voluptatem porro.', 15, '00:53:51', 'Nisi ea asperiores. Nesciunt?', 0x89504E470D0A1A0A0000000D494844520000006400000064080600000070E29554000000017352474200AECE1CE90000000467414D410000B18F0BFC61050000000970485973000012740000127401DE661F78000000F249444154785EEDD1310100300CC0A0399BBBFAAC93DAC8C18102DEFE593A84C408891112232446488C90182131426284C408891112232446488C90182131426284C408891112232446488C90182131426284C408891112232446488C90182131426284C408891112232446488C90182131426284C408891112232446488C90182131426284C408891112232446488C90182131426284C408891112232446488C90182131426284C408891112232446488C90182131426284C408891112232446488C90182131426284C408891112232446488C90182131426284C408891112232446488C90182131426284C408891192327BDFDDBF2F17E72CCE0000000049454E44AE426082, 1.22, 31, 3)
INSERT dbo.episodes(id, title, number, duration, description, miniature, evaluation, seasons_id, imageResolutions_id) VALUES (48, 'Nam vel est autem consequuntur maxime.', 25, '00:45:44', 'Aspernatur et quidem. Dolor voluptas.', 0x89504E470D0A1A0A0000000D4948445200000019000000190806000000C4E98563000000017352474200AECE1CE90000000467414D410000B18F0BFC61050000000970485973000012740000127401DE661F780000002F49444154484BEDCD2101000008C440427C3942109A266498C04D9CBEEAC97E33414C1013C40431414C1013C404C81E84F039C8EFAB1F080000000049454E44AE426082, 5, 44, 3)
INSERT dbo.episodes(id, title, number, duration, description, miniature, evaluation, seasons_id, imageResolutions_id) VALUES (49, 'Aut et voluptate quia ut.', 16, '00:43:47', 'Laudantium possimus quo. Illum omnis.', 0x89504E470D0A1A0A0000000D494844520000006400000064080600000070E29554000000017352474200AECE1CE90000000467414D410000B18F0BFC61050000000970485973000012740000127401DE661F78000000F449444154785EEDD1310100200CC030E4E1122D933227D8C8D1230A72EE9B8DA3104C2198423085600AC1148229045308A6104C2198423085600AC1148229045308A6104C2198423085600AC1148229045308A6104C2198423085600AC1148229045308A6104C2198423085600AC1148229045308A6104C2198423085600AC1148229045308A6104C2198423085600AC1148229045308A6104C2198423085600AC1148229045308A6104C2198423085600AC1148229045308A6104C2198423085600AC1148229045308A6104C2198423085600AC1148229045308A6104C2198423085600AC1148229045308A6104C21984228B31FD8A50D5E7109F49F0000000049454E44AE426082, 5, 5, 2)
INSERT dbo.episodes(id, title, number, duration, description, miniature, evaluation, seasons_id, imageResolutions_id) VALUES (50, 'Non totam odit perferendis facere.', 1, '00:57:17', 'Quia qui quos...', 0x89504E470D0A1A0A0000000D49484452000000050000000508060000008D6F26E5000000017352474200AECE1CE90000000467414D410000B18F0BFC61050000000970485973000012740000127401DE661F78000000134944415418576348B6E27C888EA92FC8F91000C56526300CA065E30000000049454E44AE426082, 5, 1, 3)
GO
SET IDENTITY_INSERT dbo.episodes OFF
GO

--
-- Inserting data into table dbo.roles
--
SET IDENTITY_INSERT dbo.roles ON
GO
INSERT dbo.roles(id, type, people_id) VALUES (1, 'Scénariste', 12)
INSERT dbo.roles(id, type, people_id) VALUES (2, 'Directeur artistique', 25)
INSERT dbo.roles(id, type, people_id) VALUES (3, 'Directeur de la photographie', 20)
INSERT dbo.roles(id, type, people_id) VALUES (4, 'Directeur de post-production', 15)
INSERT dbo.roles(id, type, people_id) VALUES (5, 'Acteurs', 31)
INSERT dbo.roles(id, type, people_id) VALUES (6, 'Réalisateur', 40)
INSERT dbo.roles(id, type, people_id) VALUES (7, 'Ingénieur du son', 10)
GO
SET IDENTITY_INSERT dbo.roles OFF
GO

--
-- Inserting data into table dbo.ageRestrictions
--
SET IDENTITY_INSERT dbo.ageRestrictions ON
GO
INSERT dbo.ageRestrictions(id, age, description, episodes_id) VALUES (1, 7, 'Tout public', 24)
INSERT dbo.ageRestrictions(id, age, description, episodes_id) VALUES (2, 13, 'langage grossier', 10)
INSERT dbo.ageRestrictions(id, age, description, episodes_id) VALUES (3, 16, 'Violence/Tabac/alcool/Drogue/Jeux de hazard', 21)
INSERT dbo.ageRestrictions(id, age, description, episodes_id) VALUES (4, 18, 'nudité', 28)
GO
SET IDENTITY_INSERT dbo.ageRestrictions OFF
GO

--
-- Inserting data into table dbo.audioResolutions
--
SET IDENTITY_INSERT dbo.audioResolutions ON
GO
INSERT dbo.audioResolutions(id, name, resolution, format, episodes_id) VALUES (1, 'Stéréo', 192, '60 Hz', 3)
INSERT dbo.audioResolutions(id, name, resolution, format, episodes_id) VALUES (2, 'Dolby 5.1', 640, '60 Hz', 23)
INSERT dbo.audioResolutions(id, name, resolution, format, episodes_id) VALUES (3, 'Dolby Atmos', 768, '60 Hz', 18)
GO
SET IDENTITY_INSERT dbo.audioResolutions OFF
GO

--
-- Inserting data into table dbo.users
--
SET IDENTITY_INSERT dbo.users ON
GO
INSERT dbo.users(id, name, ageRestrictions_id, profilesImages_id, account_id) VALUES (1, 'Pearlene1953', 3, 143, 2)
INSERT dbo.users(id, name, ageRestrictions_id, profilesImages_id, account_id) VALUES (2, 'August1952', 2, 124, 28)
INSERT dbo.users(id, name, ageRestrictions_id, profilesImages_id, account_id) VALUES (3, 'Abbie257', 2, 107, 50)
INSERT dbo.users(id, name, ageRestrictions_id, profilesImages_id, account_id) VALUES (4, 'Culver576', 4, 44, 43)
INSERT dbo.users(id, name, ageRestrictions_id, profilesImages_id, account_id) VALUES (5, 'Ada1963', 1, 413, 43)
INSERT dbo.users(id, name, ageRestrictions_id, profilesImages_id, account_id) VALUES (6, 'Shawnda51', 3, 433, 42)
INSERT dbo.users(id, name, ageRestrictions_id, profilesImages_id, account_id) VALUES (7, 'Byron86', 1, 377, 45)
INSERT dbo.users(id, name, ageRestrictions_id, profilesImages_id, account_id) VALUES (8, 'Egan1998', 2, 29, 28)
INSERT dbo.users(id, name, ageRestrictions_id, profilesImages_id, account_id) VALUES (9, 'Bill1957', 2, 170, 22)
INSERT dbo.users(id, name, ageRestrictions_id, profilesImages_id, account_id) VALUES (10, 'Milton1952', 4, 445, 7)
INSERT dbo.users(id, name, ageRestrictions_id, profilesImages_id, account_id) VALUES (11, 'Adah918', 1, 160, 24)
INSERT dbo.users(id, name, ageRestrictions_id, profilesImages_id, account_id) VALUES (12, 'Sayre1981', 2, 107, 6)
INSERT dbo.users(id, name, ageRestrictions_id, profilesImages_id, account_id) VALUES (13, 'Wilbanks2011', 3, 44, 12)
INSERT dbo.users(id, name, ageRestrictions_id, profilesImages_id, account_id) VALUES (14, 'Kaiser2021', 4, 115, 8)
INSERT dbo.users(id, name, ageRestrictions_id, profilesImages_id, account_id) VALUES (15, 'Bernie2015', 4, 238, 7)
INSERT dbo.users(id, name, ageRestrictions_id, profilesImages_id, account_id) VALUES (16, 'Claudio2003', 1, 449, 20)
INSERT dbo.users(id, name, ageRestrictions_id, profilesImages_id, account_id) VALUES (17, 'Ike2', 2, 223, 19)
INSERT dbo.users(id, name, ageRestrictions_id, profilesImages_id, account_id) VALUES (18, 'Mcclain2029', 4, 49, 12)
INSERT dbo.users(id, name, ageRestrictions_id, profilesImages_id, account_id) VALUES (19, 'Somers639', 2, 331, 30)
INSERT dbo.users(id, name, ageRestrictions_id, profilesImages_id, account_id) VALUES (20, 'Bennie1972', 4, 391, 26)
INSERT dbo.users(id, name, ageRestrictions_id, profilesImages_id, account_id) VALUES (21, 'Truman22', 4, 425, 33)
INSERT dbo.users(id, name, ageRestrictions_id, profilesImages_id, account_id) VALUES (22, 'Tuyet322', 1, 405, 14)
INSERT dbo.users(id, name, ageRestrictions_id, profilesImages_id, account_id) VALUES (23, 'Elvera1959', 3, 401, 16)
INSERT dbo.users(id, name, ageRestrictions_id, profilesImages_id, account_id) VALUES (24, 'Rhea1976', 2, 488, 1)
INSERT dbo.users(id, name, ageRestrictions_id, profilesImages_id, account_id) VALUES (25, 'Darwin1958', 4, 286, 30)
INSERT dbo.users(id, name, ageRestrictions_id, profilesImages_id, account_id) VALUES (26, 'Eliseo4', 4, 7, 33)
INSERT dbo.users(id, name, ageRestrictions_id, profilesImages_id, account_id) VALUES (27, 'Chrystal71', 2, 27, 37)
INSERT dbo.users(id, name, ageRestrictions_id, profilesImages_id, account_id) VALUES (28, 'Kowalski2000', 1, 147, 4)
INSERT dbo.users(id, name, ageRestrictions_id, profilesImages_id, account_id) VALUES (29, 'Halley2015', 3, 338, 40)
INSERT dbo.users(id, name, ageRestrictions_id, profilesImages_id, account_id) VALUES (30, 'Crump56', 1, 213, 25)
INSERT dbo.users(id, name, ageRestrictions_id, profilesImages_id, account_id) VALUES (31, 'Dobson1969', 3, 242, 3)
INSERT dbo.users(id, name, ageRestrictions_id, profilesImages_id, account_id) VALUES (32, 'Josh2027', 2, 337, 28)
INSERT dbo.users(id, name, ageRestrictions_id, profilesImages_id, account_id) VALUES (33, 'Abel1985', 1, 311, 3)
INSERT dbo.users(id, name, ageRestrictions_id, profilesImages_id, account_id) VALUES (34, 'Peggie1962', 4, 168, 3)
INSERT dbo.users(id, name, ageRestrictions_id, profilesImages_id, account_id) VALUES (35, 'Nicolette1962', 3, 201, 5)
INSERT dbo.users(id, name, ageRestrictions_id, profilesImages_id, account_id) VALUES (36, 'Alanna213', 2, 51, 15)
INSERT dbo.users(id, name, ageRestrictions_id, profilesImages_id, account_id) VALUES (37, 'Abdul419', 3, 4, 40)
INSERT dbo.users(id, name, ageRestrictions_id, profilesImages_id, account_id) VALUES (38, 'Jerome648', 2, 56, 27)
INSERT dbo.users(id, name, ageRestrictions_id, profilesImages_id, account_id) VALUES (39, 'Noel689', 2, 77, 15)
INSERT dbo.users(id, name, ageRestrictions_id, profilesImages_id, account_id) VALUES (40, 'Margarito1972', 3, 139, 35)
INSERT dbo.users(id, name, ageRestrictions_id, profilesImages_id, account_id) VALUES (41, 'Royce181', 1, 105, 28)
INSERT dbo.users(id, name, ageRestrictions_id, profilesImages_id, account_id) VALUES (42, 'Alva659', 3, 122, 45)
INSERT dbo.users(id, name, ageRestrictions_id, profilesImages_id, account_id) VALUES (43, 'Maximina495', 2, 350, 31)
INSERT dbo.users(id, name, ageRestrictions_id, profilesImages_id, account_id) VALUES (44, 'Acker1998', 4, 425, 43)
INSERT dbo.users(id, name, ageRestrictions_id, profilesImages_id, account_id) VALUES (45, 'Jodi46', 1, 28, 48)
INSERT dbo.users(id, name, ageRestrictions_id, profilesImages_id, account_id) VALUES (46, 'Heim1960', 2, 343, 33)
INSERT dbo.users(id, name, ageRestrictions_id, profilesImages_id, account_id) VALUES (47, 'Barden1955', 2, 245, 33)
INSERT dbo.users(id, name, ageRestrictions_id, profilesImages_id, account_id) VALUES (48, 'Lorenz1984', 4, 295, 26)
INSERT dbo.users(id, name, ageRestrictions_id, profilesImages_id, account_id) VALUES (49, 'Skinner26', 2, 257, 27)
INSERT dbo.users(id, name, ageRestrictions_id, profilesImages_id, account_id) VALUES (50, 'Amato2015', 3, 23, 37)
GO
SET IDENTITY_INSERT dbo.users OFF
GO

--
-- Inserting data into table dbo.favorites
--
SET IDENTITY_INSERT dbo.favorites ON
GO
INSERT dbo.favorites(id, name, users_id) VALUES (1, 'Catherina533', 33)
INSERT dbo.favorites(id, name, users_id) VALUES (2, 'Carmelina382', 18)
INSERT dbo.favorites(id, name, users_id) VALUES (3, 'Mead1954', 40)
INSERT dbo.favorites(id, name, users_id) VALUES (4, 'Adelaida2', 15)
INSERT dbo.favorites(id, name, users_id) VALUES (5, 'Lanier4', 28)
INSERT dbo.favorites(id, name, users_id) VALUES (6, 'Jarod2021', 6)
INSERT dbo.favorites(id, name, users_id) VALUES (7, 'Abney2020', 39)
INSERT dbo.favorites(id, name, users_id) VALUES (8, 'Rawlings1966', 27)
INSERT dbo.favorites(id, name, users_id) VALUES (9, 'Zook2014', 49)
INSERT dbo.favorites(id, name, users_id) VALUES (10, 'Denna1961', 37)
INSERT dbo.favorites(id, name, users_id) VALUES (11, 'Bert631', 20)
INSERT dbo.favorites(id, name, users_id) VALUES (12, 'Crouch93', 3)
INSERT dbo.favorites(id, name, users_id) VALUES (13, 'Wynona1996', 7)
INSERT dbo.favorites(id, name, users_id) VALUES (14, 'Hawkins231', 38)
INSERT dbo.favorites(id, name, users_id) VALUES (15, 'Wheeler2', 41)
INSERT dbo.favorites(id, name, users_id) VALUES (16, 'Lester2029', 13)
INSERT dbo.favorites(id, name, users_id) VALUES (17, 'Riva1959', 15)
INSERT dbo.favorites(id, name, users_id) VALUES (18, 'Acevedo1972', 24)
INSERT dbo.favorites(id, name, users_id) VALUES (19, 'Ziegler1970', 28)
INSERT dbo.favorites(id, name, users_id) VALUES (20, 'Shaw2019', 18)
INSERT dbo.favorites(id, name, users_id) VALUES (21, 'Alfonzo534', 6)
INSERT dbo.favorites(id, name, users_id) VALUES (22, 'Cisneros36', 16)
INSERT dbo.favorites(id, name, users_id) VALUES (23, 'Antwan96', 31)
INSERT dbo.favorites(id, name, users_id) VALUES (24, 'Alanna8', 20)
INSERT dbo.favorites(id, name, users_id) VALUES (25, 'Jamey848', 29)
INSERT dbo.favorites(id, name, users_id) VALUES (26, 'Mitchell5', 47)
INSERT dbo.favorites(id, name, users_id) VALUES (27, 'Enrique2006', 17)
INSERT dbo.favorites(id, name, users_id) VALUES (28, 'Courtney2007', 42)
INSERT dbo.favorites(id, name, users_id) VALUES (29, 'Xavier1964', 1)
INSERT dbo.favorites(id, name, users_id) VALUES (30, 'Begay34', 37)
INSERT dbo.favorites(id, name, users_id) VALUES (31, 'Shanna1960', 19)
INSERT dbo.favorites(id, name, users_id) VALUES (32, 'Angelo2018', 6)
INSERT dbo.favorites(id, name, users_id) VALUES (33, 'Addie2014', 27)
INSERT dbo.favorites(id, name, users_id) VALUES (34, 'Giovanni9', 36)
INSERT dbo.favorites(id, name, users_id) VALUES (35, 'Adair845', 21)
INSERT dbo.favorites(id, name, users_id) VALUES (36, 'Patricia1994', 46)
INSERT dbo.favorites(id, name, users_id) VALUES (37, 'Pringle1994', 21)
INSERT dbo.favorites(id, name, users_id) VALUES (38, 'Mears617', 35)
INSERT dbo.favorites(id, name, users_id) VALUES (39, 'Enriquez819', 40)
INSERT dbo.favorites(id, name, users_id) VALUES (40, 'Harley1998', 1)
INSERT dbo.favorites(id, name, users_id) VALUES (41, 'Winslow1950', 24)
INSERT dbo.favorites(id, name, users_id) VALUES (42, 'Abraham2020', 17)
INSERT dbo.favorites(id, name, users_id) VALUES (43, 'Christian6', 36)
INSERT dbo.favorites(id, name, users_id) VALUES (44, 'Milliken166', 25)
INSERT dbo.favorites(id, name, users_id) VALUES (45, 'Alec1986', 11)
INSERT dbo.favorites(id, name, users_id) VALUES (46, 'Avelina2017', 35)
INSERT dbo.favorites(id, name, users_id) VALUES (47, 'Michael531', 44)
INSERT dbo.favorites(id, name, users_id) VALUES (48, 'Snider2017', 50)
INSERT dbo.favorites(id, name, users_id) VALUES (49, 'Stallings2029', 43)
INSERT dbo.favorites(id, name, users_id) VALUES (50, 'Kimbrough1', 36)
GO
SET IDENTITY_INSERT dbo.favorites OFF
GO

--
-- Inserting data into table dbo.movies
--
SET IDENTITY_INSERT dbo.movies ON
GO
INSERT dbo.movies(id, title, date, description, duration, miniature, trailer, evaluation, audioResolutions_id, ageRestrictions_id, imageResolutions_id) VALUES (1, 'Aliquid ut provident veritatis.', '2000-07-30', 'Pariatur est eligendi. Illum perspiciatis esse. Sunt sit explicabo; eos laboriosam temporibus. Consequatur laboriosam temporibus. Dolores nobis maiores. Quis!', '03:38:32', 0x89504E470D0A1A0A0000000D49484452000000050000000508060000008D6F26E5000000017352474200AECE1CE90000000467414D410000B18F0BFC61050000000970485973000012740000127401DE661F78000000134944415418576358F9BBF5213AA6BE60EB4300939E4BFB745FBFDD0000000049454E44AE426082, 0x89504E470D0A1A0A0000000D49484452000000050000000508060000008D6F26E5000000017352474200AECE1CE90000000467414D410000B18F0BFC61050000000970485973000012740000127401DE661F78000000134944415418576370769CF3101D535F70CE43002B89321AF052B3870000000049454E44AE426082, 3.86, 3, 4, 1)
INSERT dbo.movies(id, title, date, description, duration, miniature, trailer, evaluation, audioResolutions_id, ageRestrictions_id, imageResolutions_id) VALUES (2, 'Rerum in modi et obcaecati hic.', '1973-05-16', 'Nisi ut officia voluptas molestiae omnis voluptatem. Distinctio unde consequatur quia officia quam aut...', '02:19:11', 0x89504E470D0A1A0A0000000D49484452000000320000003208060000001E3F88B1000000017352474200AECE1CE90000000467414D410000B18F0BFC61050000000970485973000012740000127401DE661F7800000054494441546843EDCF310D0020100031567C2010CB38C146F3B9A102BAF63D6F82229A229A229A229A229A229A229A229A229A229A229A229A229A229A229A229A229A229A229A229A229A229A229A229A2191F33E06A3934B0959D8D20000000049454E44AE426082, 0x89504E470D0A1A0A0000000D49484452000000010000000108060000001F15C489000000017352474200AECE1CE90000000467414D410000B18F0BFC61050000000970485973000012740000127401DE661F780000000D4944415418576360B438F91000032401E4DEDC8EBD0000000049454E44AE426082, 4.71, 3, 2, 1)
INSERT dbo.movies(id, title, date, description, duration, miniature, trailer, evaluation, audioResolutions_id, ageRestrictions_id, imageResolutions_id) VALUES (3, 'Laboriosam et hic accusantium commodi.', '1997-01-26', 'Nihil assumenda quis. Enim atque molestias. Nobis porro molestiae. Provident omnis sunt! Saepe laborum reprehenderit. Illo aut eos; est unde natus. Impedit.', '03:45:00', 0x89504E470D0A1A0A0000000D494844520000006400000064080600000070E29554000000017352474200AECE1CE90000000467414D410000B18F0BFC61050000000970485973000012740000127401DE661F78000000F449444154785EEDD1311100200C00319C610AC3BDAB106C64F8210A72DEDD89A3104C2198423085600AC1148229045308A6104C2198423085600AC1148229045308A6104C2198423085600AC1148229045308A6104C2198423085600AC1148229045308A6104C2198423085600AC1148229045308A6104C2198423085600AC1148229045308A6104C2198423085600AC1148229045308A6104C2198423085600AC1148229045308A6104C2198423085600AC1148229045308A6104C2198423085600AC1148229045308A6104C2198423085600AC1148229045308A6104C2198423085600AC1148229045308A6104C219842283B1F6EF2752147D736150000000049454E44AE426082, 0x89504E470D0A1A0A0000000D494844520000006400000064080600000070E29554000000017352474200AECE1CE90000000467414D410000B18F0BFC61050000000970485973000012740000127401DE661F78000000F449444154785EEDD1311100200C003194E20E5BBDAB136C64F8210A72EE9B8DA3104C2198423085600AC1148229045308A6104C2198423085600AC1148229045308A6104C2198423085600AC1148229045308A6104C2198423085600AC1148229045308A6104C2198423085600AC1148229045308A6104C2198423085600AC1148229045308A6104C2198423085600AC1148229045308A6104C2198423085600AC1148229045308A6104C2198423085600AC1148229045308A6104C2198423085600AC1148229045308A6104C2198423085600AC1148229045308A6104C2198423085600AC1148229045308A6104C21984228B31F1F10C0661BE184090000000049454E44AE426082, 3.33, 1, 1, 2)
INSERT dbo.movies(id, title, date, description, duration, miniature, trailer, evaluation, audioResolutions_id, ageRestrictions_id, imageResolutions_id) VALUES (4, 'Laboriosam non ut dolor nobis ratione.', '1972-04-28', 'Ut nulla libero nostrum eaque omnis in. Dicta vel sit iste sit voluptatem cumque.', '01:04:08', 0x89504E470D0A1A0A0000000D49484452000000050000000508060000008D6F26E5000000017352474200AECE1CE90000000467414D410000B18F0BFC61050000000970485973000012740000127401DE661F78000000134944415418576348BCC3FA101D535F90F52100ED30356C6426A66B0000000049454E44AE426082, 0x89504E470D0A1A0A0000000D494844520000006400000064080600000070E29554000000017352474200AECE1CE90000000467414D410000B18F0BFC61050000000970485973000012740000127401DE661F78000000F449444154785EEDD1311100200C00310E89F8AE883AC146861FA220E7DDD9380AC1148229045308A6104C2198423085600AC1148229045308A6104C2198423085600AC1148229045308A6104C2198423085600AC1148229045308A6104C2198423085600AC1148229045308A6104C2198423085600AC1148229045308A6104C2198423085600AC1148229045308A6104C2198423085600AC1148229045308A6104C2198423085600AC1148229045308A6104C2198423085600AC1148229045308A6104C2198423085600AC1148229045308A6104C2198423085600AC1148229045308A6104C2198423085600AC11482298432FB01698F72B34021F6EB0000000049454E44AE426082, 1.85, 2, 4, 2)
INSERT dbo.movies(id, title, date, description, duration, miniature, trailer, evaluation, audioResolutions_id, ageRestrictions_id, imageResolutions_id) VALUES (5, 'Recusandae aut dolorem officia.', '2006-10-02', 'Error architecto voluptatibus. Atque ratione labore. Sint velit maiores. Incidunt ab quo! Perferendis sed totam. Officiis neque perspiciatis? Sint explicabo.', '02:41:20', 0x89504E470D0A1A0A0000000D494844520000006400000064080600000070E29554000000017352474200AECE1CE90000000467414D410000B18F0BFC61050000000970485973000012740000127401DE661F78000000F449444154785EEDD1310100200CC0304C200975533927D8C8D1230A72DE9D8DA3104C2198423085600AC1148229045308A6104C2198423085600AC1148229045308A6104C2198423085600AC1148229045308A6104C2198423085600AC1148229045308A6104C2198423085600AC1148229045308A6104C2198423085600AC1148229045308A6104C2198423085600AC1148229045308A6104C2198423085600AC1148229045308A6104C2198423085600AC1148229045308A6104C2198423085600AC1148229045308A6104C2198423085600AC1148229045308A6104C2198423085600AC1148229045308A6104C21984228B31FAA914A6CB3F931710000000049454E44AE426082, 0x89504E470D0A1A0A0000000D494844520000000A0000000A08060000008D32CFBD000000017352474200AECE1CE90000000467414D410000B18F0BFC61050000000970485973000012740000127401DE661F780000001749444154285363E0ECDCF390183CAA102FA6B6C23D0F015EF2DA5DBB1873090000000049454E44AE426082, 1.71, 1, 2, 3)
INSERT dbo.movies(id, title, date, description, duration, miniature, trailer, evaluation, audioResolutions_id, ageRestrictions_id, imageResolutions_id) VALUES (6, 'Facilis qui eius quo explicabo sunt.', '2013-11-19', 'Unde itaque labore porro aut atque inventore. Architecto perspiciatis quis. Provident at ut. Error eius rerum! Nostrum quos sint. Est soluta est.', '01:54:17', 0x89504E470D0A1A0A0000000D494844520000006400000064080600000070E29554000000017352474200AECE1CE90000000467414D410000B18F0BFC61050000000970485973000012740000127401DE661F78000000F349444154785EEDD1310100200CC030ACCC19489F136CE4E8110539F7CDC65108A6104C2198423085600AC1148229045308A6104C2198423085600AC1148229045308A6104C2198423085600AC1148229045308A6104C2198423085600AC1148229045308A6104C2198423085600AC1148229045308A6104C2198423085600AC1148229045308A6104C2198423085600AC1148229045308A6104C2198423085600AC1148229045308A6104C2198423085600AC1148229045308A6104C2198423085600AC1148229045308A6104C2198423085600AC1148229045308A6104C2198423085600AC1148229045308A6104C2194D90F7931D52D7E3A9E4A0000000049454E44AE426082, 0x89504E470D0A1A0A0000000D49484452000000320000003208060000001E3F88B1000000017352474200AECE1CE90000000467414D410000B18F0BFC61050000000970485973000012740000127401DE661F7800000055494441546843EDCF410D00200C003134E30A25D381136C34E41E15D075F6DC1F14D114D114D114D114D114D114D114D114D114D114D114D114D114D114D114D114D114D114D114D114D114D114D114D17C1299FB002616F9D32369EECE0000000049454E44AE426082, 1.9, 3, 2, 3)
INSERT dbo.movies(id, title, date, description, duration, miniature, trailer, evaluation, audioResolutions_id, ageRestrictions_id, imageResolutions_id) VALUES (7, 'Quisquam nostrum ut consequatur.', '2011-04-21', 'Et sit qui. Possimus omnis eum. Quia ut incidunt. Illo distinctio blanditiis. Consectetur dicta eos. Illum dolores rem? Omnis mollitia nostrum.', '02:32:26', 0x89504E470D0A1A0A0000000D49484452000000010000000108060000001F15C489000000017352474200AECE1CE90000000467414D410000B18F0BFC61050000000970485973000012740000127401DE661F780000000D49444154185763B0E46A7E080002EE01A81D4699FB0000000049454E44AE426082, 0x89504E470D0A1A0A0000000D49484452000000050000000508060000008D6F26E5000000017352474200AECE1CE90000000467414D410000B18F0BFC61050000000970485973000012740000127401DE661F780000001349444154185763F0BA2AF7101D535F50EE2100CE9F34EF6C88CC610000000049454E44AE426082, 1.05, 2, 1, 1)
INSERT dbo.movies(id, title, date, description, duration, miniature, trailer, evaluation, audioResolutions_id, ageRestrictions_id, imageResolutions_id) VALUES (8, 'Dolor atque molestias iure corrupti.', '2000-07-25', 'Dolore ea natus. Sit omnis pariatur. Quas suscipit ut. Facilis dicta unde? Sunt eaque voluptatem. Ab ea pariatur! Rem sed omnis; officiis optio facilis.', '01:55:53', 0x89504E470D0A1A0A0000000D494844520000000A0000000A08060000008D32CFBD000000017352474200AECE1CE90000000467414D410000B18F0BFC61050000000970485973000012740000127401DE661F78000000184944415428536398F270DA4362F0A842BC98DA0AA73D0400EB39244096C7BFF00000000049454E44AE426082, 0x89504E470D0A1A0A0000000D494844520000006400000064080600000070E29554000000017352474200AECE1CE90000000467414D410000B18F0BFC61050000000970485973000012740000127401DE661F78000000F449444154785EEDD1310100200CC03064E31101BBE7041B397A4441CEBBB371148229045308A6104C2198423085600AC1148229045308A6104C2198423085600AC1148229045308A6104C2198423085600AC1148229045308A6104C2198423085600AC1148229045308A6104C2198423085600AC1148229045308A6104C2198423085600AC1148229045308A6104C2198423085600AC1148229045308A6104C2198423085600AC1148229045308A6104C2198423085600AC1148229045308A6104C2198423085600AC1148229045308A6104C2198423085600AC1148229045308A6104C2198423085600AC114822904530865F6032B39737DEBC103160000000049454E44AE426082, 4.98, 3, 3, 1)
INSERT dbo.movies(id, title, date, description, duration, miniature, trailer, evaluation, audioResolutions_id, ageRestrictions_id, imageResolutions_id) VALUES (9, NULL, NULL, NULL, NULL, NULL, 0x89504E470D0A1A0A0000000D4948445200000019000000190806000000C4E98563000000017352474200AECE1CE90000000467414D410000B18F0BFC61050000000970485973000012740000127401DE661F780000002F49444154484BEDCD2101000008C4402ABE24078969428609DCC4E9ABE9EC3713C40431414C1013C40431414C80EC016103DD5B51B58B020000000049454E44AE426082, NULL, 3, 4, 3)
INSERT dbo.movies(id, title, date, description, duration, miniature, trailer, evaluation, audioResolutions_id, ageRestrictions_id, imageResolutions_id) VALUES (10, 'Autem omnis sunt fugiat expedita.', '1993-12-29', 'Et voluptatem pariatur. Et quos animi! Molestiae odit eaque. Corporis ex laboriosam. Velit numquam nesciunt. Corporis delectus cum? Repudiandae quod ipsum!', '01:58:28', 0x89504E470D0A1A0A0000000D4948445200000019000000190806000000C4E98563000000017352474200AECE1CE90000000467414D410000B18F0BFC61050000000970485973000012740000127401DE661F780000002F49444154484BEDCD2101000008C440E2BDA203D169428609DCC4E9ABE9EC3713C40431414C1013C40431414C80EC017B5A8095ACC06B710000000049454E44AE426082, 0x89504E470D0A1A0A0000000D494844520000000A0000000A08060000008D32CFBD000000017352474200AECE1CE90000000467414D410000B18F0BFC61050000000970485973000012740000127401DE661F78000000174944415428536330CDD07F480C1E558817535BA1FE4300E143A795523F5D280000000049454E44AE426082, 2.43, 1, 1, 3)
INSERT dbo.movies(id, title, date, description, duration, miniature, trailer, evaluation, audioResolutions_id, ageRestrictions_id, imageResolutions_id) VALUES (11, 'Sed consequatur dolor velit sint sunt.', '2002-09-12', 'Eveniet eius ad. Beatae repellendus rem? Veritatis harum eum. Voluptatem incidunt perspiciatis. Quia sit natus. Molestiae unde ut? Impedit beatae voluptatem.', '03:53:53', 0x89504E470D0A1A0A0000000D494844520000000A0000000A08060000008D32CFBD000000017352474200AECE1CE90000000467414D410000B18F0BFC61050000000970485973000012740000127401DE661F780000001749444154285363D863CFFF90183CAA102FA6B642FE8700949FBFCD847D1C5E0000000049454E44AE426082, 0x89504E470D0A1A0A0000000D4948445200000019000000190806000000C4E98563000000017352474200AECE1CE90000000467414D410000B18F0BFC61050000000970485973000012740000127401DE661F780000002F49444154484BEDCD2101000008C4405A518F96E86F428609DCC4E9ABDEC93713C40431414C1013C40431414C80C901BE87F14B47D453340000000049454E44AE426082, 1.93, 1, 2, 3)
INSERT dbo.movies(id, title, date, description, duration, miniature, trailer, evaluation, audioResolutions_id, ageRestrictions_id, imageResolutions_id) VALUES (12, 'Neque expedita nihil deleniti.', '1989-09-21', 'A magnam aut. Quas itaque optio magni laudantium ipsam. Omnis fuga corporis. Ullam placeat suscipit! Eligendi dolor culpa. Hic officiis voluptas.', '04:03:00', 0x89504E470D0A1A0A0000000D494844520000006400000064080600000070E29554000000017352474200AECE1CE90000000467414D410000B18F0BFC61050000000970485973000012740000127401DE661F78000000F449444154785EEDD1310100200CC030444C0EAE503C27D8C8D1230A72DE9D8DA3104C2198423085600AC1148229045308A6104C2198423085600AC1148229045308A6104C2198423085600AC1148229045308A6104C2198423085600AC1148229045308A6104C2198423085600AC1148229045308A6104C2198423085600AC1148229045308A6104C2198423085600AC1148229045308A6104C2198423085600AC1148229045308A6104C2198423085600AC1148229045308A6104C2198423085600AC1148229045308A6104C2198423085600AC1148229045308A6104C2198423085600AC1148229045308A6104C21984228B31F46A51A018CCCE50D0000000049454E44AE426082, 0x89504E470D0A1A0A0000000D4948445200000019000000190806000000C4E98563000000017352474200AECE1CE90000000467414D410000B18F0BFC61050000000970485973000012740000127401DE661F780000003049444154484BEDCD21110000080441662847FF066FC8418613B813ABB7A637DF4C1013C40431414C1013C4043101360780300E3EE53408590000000049454E44AE426082, 2.02, 2, 4, 3)
INSERT dbo.movies(id, title, date, description, duration, miniature, trailer, evaluation, audioResolutions_id, ageRestrictions_id, imageResolutions_id) VALUES (13, 'Magni iste voluptatem ratione est aut.', '2000-11-26', 'Laborum quidem quos. Error quis et qui. Dicta ratione sed! Sequi qui dignissimos atque vero. Dolor nihil eius. Repellat et voluptatem.', '03:13:10', 0x89504E470D0A1A0A0000000D4948445200000019000000190806000000C4E98563000000017352474200AECE1CE90000000467414D410000B18F0BFC61050000000970485973000012740000127401DE661F780000002F49444154484BEDCD2101000008C440D43725218968428609DCC4E9ABE9EC3713C40431414C1013C40431414C80EC01C0A0DFCCD5CC5EE10000000049454E44AE426082, 0x89504E470D0A1A0A0000000D494844520000000A0000000A08060000008D32CFBD000000017352474200AECE1CE90000000467414D410000B18F0BFC61050000000970485973000012740000127401DE661F78000000174944415428536328652E7E480C1E558817535B61F1430098C3B3B10ADFC8B10000000049454E44AE426082, 5, 3, 3, 2)
INSERT dbo.movies(id, title, date, description, duration, miniature, trailer, evaluation, audioResolutions_id, ageRestrictions_id, imageResolutions_id) VALUES (14, 'Mollitia error inventore natus eaque.', '1971-07-11', 'Libero est et molestiae asperiores veritatis nemo. Unde impedit et unde in assumenda cupiditate.', '04:23:52', 0x89504E470D0A1A0A0000000D494844520000006400000064080600000070E29554000000017352474200AECE1CE90000000467414D410000B18F0BFC61050000000970485973000012740000127401DE661F78000000F449444154785EEDD1310100200CC0306C62055D333427D8C8D1230A72EE9B8DA3104C2198423085600AC1148229045308A6104C2198423085600AC1148229045308A6104C2198423085600AC1148229045308A6104C2198423085600AC1148229045308A6104C2198423085600AC1148229045308A6104C2198423085600AC1148229045308A6104C2198423085600AC1148229045308A6104C2198423085600AC1148229045308A6104C2198423085600AC1148229045308A6104C2198423085600AC1148229045308A6104C2198423085600AC1148229045308A6104C2198423085600AC1148229045308A6104C21984228B31F041104030E858BF70000000049454E44AE426082, 0x89504E470D0A1A0A0000000D494844520000006400000064080600000070E29554000000017352474200AECE1CE90000000467414D410000B18F0BFC61050000000970485973000012740000127401DE661F78000000F449444154785EEDD1311100200C003106EEEA13E775828D0C3F4441CE7DB371148229045308A6104C2198423085600AC1148229045308A6104C2198423085600AC1148229045308A6104C2198423085600AC1148229045308A6104C2198423085600AC1148229045308A6104C2198423085600AC1148229045308A6104C2198423085600AC1148229045308A6104C2198423085600AC1148229045308A6104C2198423085600AC1148229045308A6104C2198423085600AC1148229045308A6104C2198423085600AC1148229045308A6104C2198423085600AC1148229045308A6104C2198423085600AC114822904530865F60338DAF9CFA076C1760000000049454E44AE426082, 5, 1, 3, 1)
INSERT dbo.movies(id, title, date, description, duration, miniature, trailer, evaluation, audioResolutions_id, ageRestrictions_id, imageResolutions_id) VALUES (15, 'Laborum voluptatibus earum fugit.', '2003-11-13', 'Officiis ut minus non ea vel impedit. Nihil eaque iste perspiciatis cupiditate ipsa omnis.', '01:35:52', 0x89504E470D0A1A0A0000000D494844520000000A0000000A08060000008D32CFBD000000017352474200AECE1CE90000000467414D410000B18F0BFC61050000000970485973000012740000127401DE661F780000001749444154285363387EC7EC21317854215E4C6D85660F01761810B806A58B460000000049454E44AE426082, 0x89504E470D0A1A0A0000000D494844520000000A0000000A08060000008D32CFBD000000017352474200AECE1CE90000000467414D410000B18F0BFC61050000000970485973000012740000127401DE661F7800000017494441542853631012FDFC90183CAA102FA6B6C2CF0F01FDC3C60D199524FC0000000049454E44AE426082, 5, 2, 1, 1)
INSERT dbo.movies(id, title, date, description, duration, miniature, trailer, evaluation, audioResolutions_id, ageRestrictions_id, imageResolutions_id) VALUES (16, 'Corrupti totam illo.', '2007-08-12', 'Saepe voluptate explicabo consectetur natus beatae incidunt. Harum porro iste qui est esse excepturi!', '01:11:14', 0x89504E470D0A1A0A0000000D4948445200000019000000190806000000C4E98563000000017352474200AECE1CE90000000467414D410000B18F0BFC61050000000970485973000012740000127401DE661F780000002F49444154484BEDCD2101000008C440127C14F25387266498C04D9CBE9ACE7E33414C1013C40431414C1013C404C81EB8D17942FBE981FA0000000049454E44AE426082, 0x89504E470D0A1A0A0000000D494844520000006400000064080600000070E29554000000017352474200AECE1CE90000000467414D410000B18F0BFC61050000000970485973000012740000127401DE661F78000000F349444154785EEDD1C10000300C00B1A954A1FE323599461EF70841DEEE5C1C85600AC1148229045308A6104C2198423085600AC1148229045308A6104C2198423085600AC1148229045308A6104C2198423085600AC1148229045308A6104C2198423085600AC1148229045308A6104C2198423085600AC1148229045308A6104C2198423085600AC1148229045308A6104C2198423085600AC1148229045308A6104C2198423085600AC1148229045308A6104C2198423085600AC1148229045308A6104C2198423085600AC1148229045308A6104C2198423085600AC1148229045308A6104C2198423085600AC1144299FB3563A38B094DBFB60000000049454E44AE426082, 5, 1, 4, 2)
INSERT dbo.movies(id, title, date, description, duration, miniature, trailer, evaluation, audioResolutions_id, ageRestrictions_id, imageResolutions_id) VALUES (17, 'Error quo reprehenderit inventore.', '1971-11-20', 'Vero voluptas veritatis. Quis repellat error! Magni incidunt consequatur. Molestias eligendi sit. Eligendi ut quae! Aspernatur molestiae ipsam. Tenetur!', '01:01:28', 0x89504E470D0A1A0A0000000D494844520000000A0000000A08060000008D32CFBD000000017352474200AECE1CE90000000467414D410000B18F0BFC61050000000970485973000012740000127401DE661F780000001849444154285363B8AE77F121317854215E4C6D85171F02004EEB0F8C5C472F980000000049454E44AE426082, 0x89504E470D0A1A0A0000000D494844520000000A0000000A08060000008D32CFBD000000017352474200AECE1CE90000000467414D410000B18F0BFC61050000000970485973000012740000127401DE661F78000000174944415428536338F4B1F121317854215E4C6D858D0F01E15E3444339EDFD30000000049454E44AE426082, 2.06, 2, 4, 3)
INSERT dbo.movies(id, title, date, description, duration, miniature, trailer, evaluation, audioResolutions_id, ageRestrictions_id, imageResolutions_id) VALUES (18, 'Velit quia delectus magnam non.', '1972-06-07', 'Maiores dolor cumque quaerat. Quis nesciunt fugit dolorem doloremque animi et; qui sit accusamus. Qui porro nulla voluptatem minima ut;', '01:04:48', 0x89504E470D0A1A0A0000000D49484452000000050000000508060000008D6F26E5000000017352474200AECE1CE90000000467414D410000B18F0BFC61050000000970485973000012740000127401DE661F780000001349444154185763D02EE47C888EA92FC8F91000BAC02617B1225B290000000049454E44AE426082, 0x89504E470D0A1A0A0000000D4948445200000019000000190806000000C4E98563000000017352474200AECE1CE90000000467414D410000B18F0BFC61050000000970485973000012740000127401DE661F780000003049444154484BEDCD2101000008C4401C05C8F2FDABD0840C13B889D3573DD96F2688096282982026880962829800D903E1F9EB31852F476C0000000049454E44AE426082, 4.92, 3, 4, 3)
INSERT dbo.movies(id, title, date, description, duration, miniature, trailer, evaluation, audioResolutions_id, ageRestrictions_id, imageResolutions_id) VALUES (19, 'Sed tenetur at veniam perferendis.', '2016-06-06', 'Laboriosam est saepe perspiciatis autem accusantium ut. Esse a impedit autem non aspernatur ipsum. Laborum error reiciendis. Non eveniet velit!', '04:02:17', 0x89504E470D0A1A0A0000000D49484452000000320000003208060000001E3F88B1000000017352474200AECE1CE90000000467414D410000B18F0BFC61050000000970485973000012740000127401DE661F7800000056494441546843EDCF410D00200C00319C2007FF12660105D868C83D2AA0EBDC3D3F28A229A229A229A229A229A229A229A229A229A229A229A229A229A229A229A229A229A229A229A229A229A229A229A2F924B2E7011CDDB5E0413A4B3B0000000049454E44AE426082, 0x89504E470D0A1A0A0000000D49484452000000010000000108060000001F15C489000000017352474200AECE1CE90000000467414D410000B18F0BFC61050000000970485973000012740000127401DE661F780000000D49444154185763F8A477E3210006E802DA197212660000000049454E44AE426082, 2.77, 2, 4, 3)
INSERT dbo.movies(id, title, date, description, duration, miniature, trailer, evaluation, audioResolutions_id, ageRestrictions_id, imageResolutions_id) VALUES (20, 'Aut atque inventore neque ut corporis.', '1978-06-30', 'Dolor consequatur dolor illum architecto voluptatem labore.', '01:41:42', 0x89504E470D0A1A0A0000000D49484452000000010000000108060000001F15C489000000017352474200AECE1CE90000000467414D410000B18F0BFC61050000000970485973000012740000127401DE661F780000000D49444154185763603FCFF41000037301BA4B85287A0000000049454E44AE426082, 0x89504E470D0A1A0A0000000D49484452000000010000000108060000001F15C489000000017352474200AECE1CE90000000467414D410000B18F0BFC61050000000970485973000012740000127401DE661F780000000D49444154185763F07CDCFB100005CD029BE4A2162B0000000049454E44AE426082, 1.05, 2, 2, 3)
INSERT dbo.movies(id, title, date, description, duration, miniature, trailer, evaluation, audioResolutions_id, ageRestrictions_id, imageResolutions_id) VALUES (21, 'Inventore iure natus iste amet.', '2015-04-24', 'Velit sint aspernatur corporis repellendus ratione. Rerum quia natus iste beatae. Iste dolorem dolores soluta eos rerum dolorem.', '02:54:53', 0x89504E470D0A1A0A0000000D49484452000000010000000108060000001F15C489000000017352474200AECE1CE90000000467414D410000B18F0BFC61050000000970485973000012740000127401DE661F780000000D49444154185763885CC4F91000044201E6EC400FC90000000049454E44AE426082, 0x89504E470D0A1A0A0000000D494844520000000A0000000A08060000008D32CFBD000000017352474200AECE1CE90000000467414D410000B18F0BFC61050000000970485973000012740000127401DE661F780000001749444154285363887C9BF490183CAA102FA6B6C2A48700DB9AFD8580F8084B0000000049454E44AE426082, 2.96, 1, 4, 3)
INSERT dbo.movies(id, title, date, description, duration, miniature, trailer, evaluation, audioResolutions_id, ageRestrictions_id, imageResolutions_id) VALUES (22, NULL, NULL, NULL, NULL, NULL, 0x89504E470D0A1A0A0000000D49484452000000320000003208060000001E3F88B1000000017352474200AECE1CE90000000467414D410000B18F0BFC61050000000970485973000012740000127401DE661F7800000055494441546843EDCF410D00200C0031844E09E2F082136C34E41E15D075F6DC1F14D114D114D114D114D114D114D114D114D114D114D114D114D114D114D114D114D114D114D114D114D114D114D114D17C1299FB006A6AFFEEA4127FF00000000049454E44AE426082, NULL, 2, 1, 2)
INSERT dbo.movies(id, title, date, description, duration, miniature, trailer, evaluation, audioResolutions_id, ageRestrictions_id, imageResolutions_id) VALUES (23, 'Reiciendis nostrum quos sint et ipsam.', '1980-11-18', 'Corporis voluptatum iste. Laudantium et perspiciatis aspernatur et qui incidunt? Voluptatem sit perspiciatis ut omnis deleniti dolorem.', '01:47:04', 0x89504E470D0A1A0A0000000D494844520000006400000064080600000070E29554000000017352474200AECE1CE90000000467414D410000B18F0BFC61050000000970485973000012740000127401DE661F78000000F449444154785EEDD1310100200CC0308C4C1CD2E70101D8C8D1230A72DE9D8DA3104C2198423085600AC1148229045308A6104C2198423085600AC1148229045308A6104C2198423085600AC1148229045308A6104C2198423085600AC1148229045308A6104C2198423085600AC1148229045308A6104C2198423085600AC1148229045308A6104C2198423085600AC1148229045308A6104C2198423085600AC1148229045308A6104C2198423085600AC1148229045308A6104C2198423085600AC1148229045308A6104C2198423085600AC1148229045308A6104C2198423085600AC1148229045308A6104C21984228B31F46B2CF775A4DF8B80000000049454E44AE426082, 0x89504E470D0A1A0A0000000D4948445200000019000000190806000000C4E98563000000017352474200AECE1CE90000000467414D410000B18F0BFC61050000000970485973000012740000127401DE661F780000002F49444154484BEDCD310D0000080431A4BD3A1264E2040D37B0DDD0B9359DFD6682982026880962829820268809903D225D577CB14A70DD0000000049454E44AE426082, 2.02, 2, 4, 1)
INSERT dbo.movies(id, title, date, description, duration, miniature, trailer, evaluation, audioResolutions_id, ageRestrictions_id, imageResolutions_id) VALUES (24, 'Qui voluptatem dolores sit qui sequi.', '1985-09-28', 'Sed a veritatis ut aperiam sed quia...', '01:21:24', 0x89504E470D0A1A0A0000000D49484452000000050000000508060000008D6F26E5000000017352474200AECE1CE90000000467414D410000B18F0BFC61050000000970485973000012740000127401DE661F78000000134944415418576308E2FCFD101D535FF0F743003B463760C30899010000000049454E44AE426082, 0x89504E470D0A1A0A0000000D494844520000000A0000000A08060000008D32CFBD000000017352474200AECE1CE90000000467414D410000B18F0BFC61050000000970485973000012740000127401DE661F78000000174944415428536360BCDEF390183CAA102FA6B6C29E870054FFE2F59A401D640000000049454E44AE426082, 1.74, 3, 2, 2)
INSERT dbo.movies(id, title, date, description, duration, miniature, trailer, evaluation, audioResolutions_id, ageRestrictions_id, imageResolutions_id) VALUES (25, 'Omnis qui ea quia.', '2006-11-22', 'Error aut veniam voluptates debitis ut saepe.', '00:57:48', 0x89504E470D0A1A0A0000000D494844520000000A0000000A08060000008D32CFBD000000017352474200AECE1CE90000000467414D410000B18F0BFC61050000000970485973000012740000127401DE661F780000001749444154285363F0623BFF90183CAA102FA6B6C2F30F01B32FC8014F6BEC520000000049454E44AE426082, 0x89504E470D0A1A0A0000000D494844520000000A0000000A08060000008D32CFBD000000017352474200AECE1CE90000000467414D410000B18F0BFC61050000000970485973000012740000127401DE661F780000001849444154285363B82634F921317854215E4C6D85931F0200DC2AEBF11791189A0000000049454E44AE426082, 1.13, 2, 4, 2)
INSERT dbo.movies(id, title, date, description, duration, miniature, trailer, evaluation, audioResolutions_id, ageRestrictions_id, imageResolutions_id) VALUES (26, 'Non eos non modi aliquam.', '2008-01-17', 'In beatae molestiae quo ipsum iure perspiciatis. Ea aliquam id mollitia sed qui beatae.', '02:26:26', 0x89504E470D0A1A0A0000000D49484452000000320000003208060000001E3F88B1000000017352474200AECE1CE90000000467414D410000B18F0BFC61050000000970485973000012740000127401DE661F7800000055494441546843EDCF410D00200C0031F4CE06FA1081136C34E41E15D075F6DC1F14D114D114D114D114D114D114D114D114D114D114D114D114D114D114D114D114D114D114D114D114D114D114D114D17C1299FB0002CB7324EAEE768F0000000049454E44AE426082, 0x89504E470D0A1A0A0000000D494844520000000A0000000A08060000008D32CFBD000000017352474200AECE1CE90000000467414D410000B18F0BFC61050000000970485973000012740000127401DE661F78000000174944415428536348700E79480C1E558817535B61C84300602FB861CE31B6750000000049454E44AE426082, 1.18, 1, 2, 1)
INSERT dbo.movies(id, title, date, description, duration, miniature, trailer, evaluation, audioResolutions_id, ageRestrictions_id, imageResolutions_id) VALUES (27, 'Modi temporibus illum dolores rem.', '1989-12-18', 'Fugiat nostrum natus iste sit consequatur; soluta corrupti reiciendis necessitatibus beatae accusantium voluptates. Dolore doloribus sed architecto explicabo.', '00:59:19', 0x89504E470D0A1A0A0000000D49484452000000320000003208060000001E3F88B1000000017352474200AECE1CE90000000467414D410000B18F0BFC61050000000970485973000012740000127401DE661F7800000054494441546843EDCF310D00201000312CE113936F83091B0DB9A102BAEED9F383229A229A229A229A229A229A229A229A229A229A229A229A229A229A229A229A229A229A229A229A229A229A229A229A4F227B1EA5ED55D8909DFC8B0000000049454E44AE426082, 0x89504E470D0A1A0A0000000D49484452000000320000003208060000001E3F88B1000000017352474200AECE1CE90000000467414D410000B18F0BFC61050000000970485973000012740000127401DE661F7800000054494441546843EDCF310D0020100031DCA014A12F821D1B0DB9A102BAEED9F383229A229A229A229A229A229A229A229A229A229A229A229A229A229A229A229A229A229A229A229A229A229A229A229A4F227B1E4E577EF1C50C35BA0000000049454E44AE426082, 1.66, 2, 1, 3)
INSERT dbo.movies(id, title, date, description, duration, miniature, trailer, evaluation, audioResolutions_id, ageRestrictions_id, imageResolutions_id) VALUES (28, 'Voluptatem vitae provident.', '1988-09-08', 'Repudiandae nesciunt voluptatem ducimus error eius iste; labore perferendis eveniet ipsum laudantium error. Odit cum tenetur ducimus sit unde quae...', '02:43:45', 0x89504E470D0A1A0A0000000D49484452000000050000000508060000008D6F26E5000000017352474200AECE1CE90000000467414D410000B18F0BFC61050000000970485973000012740000127401DE661F78000000134944415418576338BA7CCF43744C7DC13D0F018BCE4BE29B10B3050000000049454E44AE426082, 0x89504E470D0A1A0A0000000D49484452000000010000000108060000001F15C489000000017352474200AECE1CE90000000467414D410000B18F0BFC61050000000970485973000012740000127401DE661F780000000D49444154185763108E1379080002740167F0B4CE220000000049454E44AE426082, 3.04, 2, 1, 3)
INSERT dbo.movies(id, title, date, description, duration, miniature, trailer, evaluation, audioResolutions_id, ageRestrictions_id, imageResolutions_id) VALUES (29, 'Ut et itaque qui sed.', '2007-11-11', 'Eos quia in odio non vero. Veniam et magni tempora libero quis voluptatibus. Voluptatibus aut accusantium. Atque reprehenderit debitis. Ut voluptas...', '01:37:40', 0x89504E470D0A1A0A0000000D4948445200000019000000190806000000C4E98563000000017352474200AECE1CE90000000467414D410000B18F0BFC61050000000970485973000012740000127401DE661F780000002F49444154484BEDCD2101000008C440AA108B9464FA266498C04D9CBEDA9E7C33414C1013C40431414C1013C404981C726AFAA72E0590B50000000049454E44AE426082, 0x89504E470D0A1A0A0000000D49484452000000050000000508060000008D6F26E5000000017352474200AECE1CE90000000467414D410000B18F0BFC61050000000970485973000012740000127401DE661F780000001349444154185763701579FB101D535FF0ED4300E88035D080A820030000000049454E44AE426082, 4.89, 1, 3, 3)
INSERT dbo.movies(id, title, date, description, duration, miniature, trailer, evaluation, audioResolutions_id, ageRestrictions_id, imageResolutions_id) VALUES (30, 'Voluptas ratione consectetur et nisi.', '1970-03-09', 'Quisquam et sint. At assumenda ut! Error sint inventore. Facilis est nihil. Odio est iste. Rerum dolorum cum. Porro numquam deleniti.', '00:51:07', 0x89504E470D0A1A0A0000000D49484452000000050000000508060000008D6F26E5000000017352474200AECE1CE90000000467414D410000B18F0BFC61050000000970485973000012740000127401DE661F7800000013494441541857636090EE7F8881A92ED8FF1000C358269416073C240000000049454E44AE426082, 0x89504E470D0A1A0A0000000D49484452000000050000000508060000008D6F26E5000000017352474200AECE1CE90000000467414D410000B18F0BFC61050000000970485973000012740000127401DE661F78000000134944415418576328AA7AF9101D535FF0E54300D19943C7A6FA4F4B0000000049454E44AE426082, 1.2, 1, 2, 2)
INSERT dbo.movies(id, title, date, description, duration, miniature, trailer, evaluation, audioResolutions_id, ageRestrictions_id, imageResolutions_id) VALUES (31, 'Nam recusandae natus id error.', '1970-01-04', 'Tenetur facilis ipsam. Eum minima non. Ratione ipsam officiis? Deleniti perferendis similique. Quis numquam natus. Iste et ex! Perspiciatis accusantium ea.', '00:50:03', 0x89504E470D0A1A0A0000000D49484452000000050000000508060000008D6F26E5000000017352474200AECE1CE90000000467414D410000B18F0BFC61050000000970485973000012740000127401DE661F780000001349444154185763F8E5C8F0101D535F90E12100D86334BD961E534E0000000049454E44AE426082, NULL, 2.35, 2, 2, 1)
INSERT dbo.movies(id, title, date, description, duration, miniature, trailer, evaluation, audioResolutions_id, ageRestrictions_id, imageResolutions_id) VALUES (32, 'Autem voluptate ipsum sed omnis.', '1995-09-18', 'Recusandae odit eaque dignissimos. Ut eos sit enim id quis nostrum! Non necessitatibus delectus et ea consequatur ut.', '01:23:53', 0x89504E470D0A1A0A0000000D494844520000000A0000000A08060000008D32CFBD000000017352474200AECE1CE90000000467414D410000B18F0BFC61050000000970485973000012740000127401DE661F780000001749444154285363C866287A480C1E558817535B61D14300312FAE39D32144BA0000000049454E44AE426082, 0x89504E470D0A1A0A0000000D494844520000006400000064080600000070E29554000000017352474200AECE1CE90000000467414D410000B18F0BFC61050000000970485973000012740000127401DE661F78000000F549444154785EEDD1310100200CC030FCBFE89998594001367AE488829C7767E91012232446488C90182131426284C408891112232446488C90182131426284C408891112232446488C90182131426284C408891112232446488C90182131426284C408891112232446488C90182131426284C408891112232446488C90182131426284C408891112232446488C90182131426284C408891112232446488C90182131426284C408891112232446488C90182131426284C408891112232446488C90182131426284C408891112232446488C90182131426284C408891112232446488C90182131426284C40889111223244648CAEC07A5598E57D96C906F0000000049454E44AE426082, 3.91, 1, 1, 1)
INSERT dbo.movies(id, title, date, description, duration, miniature, trailer, evaluation, audioResolutions_id, ageRestrictions_id, imageResolutions_id) VALUES (33, NULL, NULL, NULL, NULL, NULL, 0x89504E470D0A1A0A0000000D49484452000000010000000108060000001F15C489000000017352474200AECE1CE90000000467414D410000B18F0BFC61050000000970485973000012740000127401DE661F780000000D49444154185763D0CB727B0800036801C072E23CFD0000000049454E44AE426082, NULL, 2, 1, 2)
INSERT dbo.movies(id, title, date, description, duration, miniature, trailer, evaluation, audioResolutions_id, ageRestrictions_id, imageResolutions_id) VALUES (34, 'Amet sequi saepe iure iste quia velit.', '2019-10-29', 'Aspernatur iste id est sed quibusdam est. Vitae et porro aspernatur necessitatibus enim neque.', '02:51:31', 0x89504E470D0A1A0A0000000D49484452000000050000000508060000008D6F26E5000000017352474200AECE1CE90000000467414D410000B18F0BFC61050000000970485973000012740000127401DE661F780000001349444154185763787DA0E0213AA6BE60C1430053A74A9DACC9E0D70000000049454E44AE426082, 0x89504E470D0A1A0A0000000D49484452000000050000000508060000008D6F26E5000000017352474200AECE1CE90000000467414D410000B18F0BFC61050000000970485973000012740000127401DE661F780000001349444154185763F8EA58FD101D535FB0FA21002ECE40439F2F6DE00000000049454E44AE426082, 2.38, 3, 3, 2)
INSERT dbo.movies(id, title, date, description, duration, miniature, trailer, evaluation, audioResolutions_id, ageRestrictions_id, imageResolutions_id) VALUES (35, NULL, NULL, NULL, NULL, NULL, 0x89504E470D0A1A0A0000000D49484452000000050000000508060000008D6F26E5000000017352474200AECE1CE90000000467414D410000B18F0BFC61050000000970485973000012740000127401DE661F780000001349444154185763E064157A888EA92F28F41000060E191AB1C522E50000000049454E44AE426082, NULL, 2, 1, 2)
INSERT dbo.movies(id, title, date, description, duration, miniature, trailer, evaluation, audioResolutions_id, ageRestrictions_id, imageResolutions_id) VALUES (36, 'Autem et quos animi sapiente ad.', '2007-02-28', 'Sed sint dignissimos. Deleniti perspiciatis et voluptas qui accusantium voluptatibus! Aut perspiciatis aut minus saepe nisi eveniet.', '04:14:41', 0x89504E470D0A1A0A0000000D494844520000006400000064080600000070E29554000000017352474200AECE1CE90000000467414D410000B18F0BFC61050000000970485973000012740000127401DE661F78000000F449444154785EEDD1310100200CC0307462124DD33003D8C8D1230A72DEDD89A3104C2198423085600AC1148229045308A6104C2198423085600AC1148229045308A6104C2198423085600AC1148229045308A6104C2198423085600AC1148229045308A6104C2198423085600AC1148229045308A6104C2198423085600AC1148229045308A6104C2198423085600AC1148229045308A6104C2198423085600AC1148229045308A6104C2198423085600AC1148229045308A6104C2198423085600AC1148229045308A6104C2198423085600AC1148229045308A6104C2198423085600AC1148229045308A6104C219842283B1FB44FDF522A45599E0000000049454E44AE426082, NULL, 1.63, 2, 3, 2)
INSERT dbo.movies(id, title, date, description, duration, miniature, trailer, evaluation, audioResolutions_id, ageRestrictions_id, imageResolutions_id) VALUES (37, 'Dolores corporis ex laboriosam unde.', '1970-04-05', 'Rem nobis adipisci. Harum ab hic? Facere explicabo tempora. Excepturi odit harum. Obcaecati earum facilis. Est error quis. Rerum animi omnis. Sed voluptatum.', '00:51:34', 0x89504E470D0A1A0A0000000D49484452000000050000000508060000008D6F26E5000000017352474200AECE1CE90000000467414D410000B18F0BFC61050000000970485973000012740000127401DE661F7800000013494441541857635038DDFF101D535FB0FF2100FB443AE49A98AA970000000049454E44AE426082, 0x89504E470D0A1A0A0000000D49484452000000050000000508060000008D6F26E5000000017352474200AECE1CE90000000467414D410000B18F0BFC61050000000970485973000012740000127401DE661F780000001349444154185763F09A11F0101D535F30E0210090CE33DC4B399BDF0000000049454E44AE426082, 2.18, 1, 3, 1)
INSERT dbo.movies(id, title, date, description, duration, miniature, trailer, evaluation, audioResolutions_id, ageRestrictions_id, imageResolutions_id) VALUES (38, 'Alias adipisci inventore voluptates.', '1970-11-27', 'Error nostrum et. Distinctio nostrum vel architecto dolore ut. Dolores est inventore. Adipisci ea culpa! Esse vitae quas.', '00:55:30', 0x89504E470D0A1A0A0000000D49484452000000050000000508060000008D6F26E5000000017352474200AECE1CE90000000467414D410000B18F0BFC61050000000970485973000012740000127401DE661F780000001349444154185763288A667D888EA92FC8FA1000AB0B2A7C807D671D0000000049454E44AE426082, 0x89504E470D0A1A0A0000000D494844520000006400000064080600000070E29554000000017352474200AECE1CE90000000467414D410000B18F0BFC61050000000970485973000012740000127401DE661F78000000F349444154785EEDD121010020100031C477A43BEE9B5063E2C412ECDC371B472198423085600AC1148229045308A6104C2198423085600AC1148229045308A6104C2198423085600AC1148229045308A6104C2198423085600AC1148229045308A6104C2198423085600AC1148229045308A6104C2198423085600AC1148229045308A6104C2198423085600AC1148229045308A6104C2198423085600AC1148229045308A6104C2198423085600AC1148229045308A6104C2198423085600AC1148229045308A6104C2198423085600AC1148229045308A6104C2198423085600AC1148229045308A6104C219842308550663F218C80204653118B0000000049454E44AE426082, 1.58, 2, 3, 3)
INSERT dbo.movies(id, title, date, description, duration, miniature, trailer, evaluation, audioResolutions_id, ageRestrictions_id, imageResolutions_id) VALUES (39, NULL, NULL, NULL, NULL, NULL, NULL, NULL, 1, 2, 3)
INSERT dbo.movies(id, title, date, description, duration, miniature, trailer, evaluation, audioResolutions_id, ageRestrictions_id, imageResolutions_id) VALUES (40, 'Quod ipsum nesciunt id consectetur.', '1992-04-11', 'Ratione ut cumque voluptatem aut voluptates neque.', '04:04:26', 0x89504E470D0A1A0A0000000D494844520000000A0000000A08060000008D32CFBD000000017352474200AECE1CE90000000467414D410000B18F0BFC61050000000970485973000012740000127401DE661F78000000174944415428536388EC517B480C1E558817535BA1DA4300B53DC031478DEBCA0000000049454E44AE426082, 0x89504E470D0A1A0A0000000D49484452000000010000000108060000001F15C489000000017352474200AECE1CE90000000467414D410000B18F0BFC61050000000970485973000012740000127401DE661F780000000D4944415418576378EED5FD10000676029E225851E70000000049454E44AE426082, 1.07, 2, 1, 1)
INSERT dbo.movies(id, title, date, description, duration, miniature, trailer, evaluation, audioResolutions_id, ageRestrictions_id, imageResolutions_id) VALUES (41, 'Eveniet eius ad.', '2004-08-28', 'Quia voluptas unde illo. Explicabo eos alias sed ut voluptatibus facere! Temporibus cumque dicta blanditiis odit ut. Velit ut blanditiis error porro quo sunt.', '01:20:56', 0x89504E470D0A1A0A0000000D4948445200000019000000190806000000C4E98563000000017352474200AECE1CE90000000467414D410000B18F0BFC61050000000970485973000012740000127401DE661F780000002F49444154484BEDCD3111000008C430EEFD2B031538414307B60E9953D3D96F2688096282982026880962829800D903C97107539BF79A3C0000000049454E44AE426082, NULL, 5, 3, 4, 3)
INSERT dbo.movies(id, title, date, description, duration, miniature, trailer, evaluation, audioResolutions_id, ageRestrictions_id, imageResolutions_id) VALUES (42, 'Repellendus rem deserunt ad.', '2014-04-09', 'Aut consectetur vel; et omnis quis. At corrupti ipsa! Dolores voluptates error. Sapiente dignissimos repudiandae. Autem laborum quos. Hic qui sed. Sapiente!', '03:47:23', 0x89504E470D0A1A0A0000000D49484452000000050000000508060000008D6F26E5000000017352474200AECE1CE90000000467414D410000B18F0BFC61050000000970485973000012740000127401DE661F78000000134944415418576368897EF2101D535FF0C9430076AE42057AADCE720000000049454E44AE426082, 0x89504E470D0A1A0A0000000D49484452000000010000000108060000001F15C489000000017352474200AECE1CE90000000467414D410000B18F0BFC61050000000970485973000012740000127401DE661F780000000D4944415418576328555EFD100004790225A2CAF5D10000000049454E44AE426082, 4.68, 3, 4, 3)
INSERT dbo.movies(id, title, date, description, duration, miniature, trailer, evaluation, audioResolutions_id, ageRestrictions_id, imageResolutions_id) VALUES (43, 'Et sequi esse ab corporis asperiores.', '1988-04-01', 'Aperiam qui voluptatem excepturi qui ut expedita. Dignissimos error reiciendis. Consectetur magnam sit. Sed suscipit reprehenderit? Sint qui nobis. Commodi.', '03:45:11', 0x89504E470D0A1A0A0000000D49484452000000010000000108060000001F15C489000000017352474200AECE1CE90000000467414D410000B18F0BFC61050000000970485973000012740000127401DE661F780000000D4944415418576370964D7F0800031701A99BC6035E0000000049454E44AE426082, 0x89504E470D0A1A0A0000000D49484452000000320000003208060000001E3F88B1000000017352474200AECE1CE90000000467414D410000B18F0BFC61050000000970485973000012740000127401DE661F7800000055494441546843EDCF410D00200C0031ACE200A958C009369AE51E15D0B5EF791314D114D114D114D114D114D114D114D114D114D114D114D114D114D114D114D114D114D114D114D114D114D114D114D10C899CF701DF9C7EF144B5AA3D0000000049454E44AE426082, 1.09, 3, 1, 2)
INSERT dbo.movies(id, title, date, description, duration, miniature, trailer, evaluation, audioResolutions_id, ageRestrictions_id, imageResolutions_id) VALUES (44, 'Aperiam ratione quasi est.', '1972-08-02', 'Minus dolorem quasi. Qui ipsam placeat; in officia esse? Quod in beatae! Totam aperiam sint. Tenetur et omnis. Qui harum aliquid. Ut iusto aliquam.', '01:05:44', 0x89504E470D0A1A0A0000000D494844520000006400000064080600000070E29554000000017352474200AECE1CE90000000467414D410000B18F0BFC61050000000970485973000012740000127401DE661F78000000F449444154785EEDD1311100200C0031A472558C853AC146861FA220E7BED9380AC1148229045308A6104C2198423085600AC1148229045308A6104C2198423085600AC1148229045308A6104C2198423085600AC1148229045308A6104C2198423085600AC1148229045308A6104C2198423085600AC1148229045308A6104C2198423085600AC1148229045308A6104C2198423085600AC1148229045308A6104C2198423085600AC1148229045308A6104C2198423085600AC1148229045308A6104C2198423085600AC1148229045308A6104C2198423085600AC1148229045308A6104C2198423085600AC11482298432FB0166FEB1C2729C1C8E0000000049454E44AE426082, NULL, 5, 2, 1, 3)
INSERT dbo.movies(id, title, date, description, duration, miniature, trailer, evaluation, audioResolutions_id, ageRestrictions_id, imageResolutions_id) VALUES (45, 'Placeat consectetur placeat est odit.', '1970-12-24', 'Rerum eaque odit. Inventore non sed quidem mollitia quasi. Est nostrum perspiciatis. Aliquid omnis mollitia! Architecto voluptatem iste. Voluptas unde...', '00:55:57', 0x89504E470D0A1A0A0000000D49484452000000010000000108060000001F15C489000000017352474200AECE1CE90000000467414D410000B18F0BFC61050000000970485973000012740000127401DE661F780000000D49444154185763A87D20F1100005AA02578AE4C9A10000000049454E44AE426082, 0x89504E470D0A1A0A0000000D4948445200000019000000190806000000C4E98563000000017352474200AECE1CE90000000467414D410000B18F0BFC61050000000970485973000012740000127401DE661F780000002F49444154484BEDCD21110000080441040D18FA67FB266438813BB17AAB77F2CD0431414C1013C40431414C101360726CAB90DC852292D50000000049454E44AE426082, 4.76, 2, 3, 2)
INSERT dbo.movies(id, title, date, description, duration, miniature, trailer, evaluation, audioResolutions_id, ageRestrictions_id, imageResolutions_id) VALUES (46, 'Laboriosam quia dolorem iste est.', '1974-01-21', 'Voluptatem quo facere voluptas. Voluptates aliquid et natus sint dolorem! Earum omnis suscipit explicabo. Nihil molestias molestiae.', '03:57:10', 0x89504E470D0A1A0A0000000D4948445200000019000000190806000000C4E98563000000017352474200AECE1CE90000000467414D410000B18F0BFC61050000000970485973000012740000127401DE661F780000002F49444154484BEDCD2101000008C440ECB726040569428609DCC4E9ABE9EC3713C40431414C1013C40431414C80EC01616BDD5BE50494F20000000049454E44AE426082, 0x89504E470D0A1A0A0000000D494844520000000A0000000A08060000008D32CFBD000000017352474200AECE1CE90000000467414D410000B18F0BFC61050000000970485973000012740000127401DE661F78000000174944415428536350DDC8FA90183CAA102FA6B642D687009FD0AD71B6CB5A830000000049454E44AE426082, 2.16, 3, 2, 1)
INSERT dbo.movies(id, title, date, description, duration, miniature, trailer, evaluation, audioResolutions_id, ageRestrictions_id, imageResolutions_id) VALUES (47, 'Doloribus sed consectetur enim ut.', '1987-04-18', 'Itaque molestiae sed; voluptatem qui et. Unde ut doloremque? Iure asperiores maiores! Cumque quia dolor. Animi mollitia et. Ullam qui similique.', '02:35:16', 0x89504E470D0A1A0A0000000D49484452000000050000000508060000008D6F26E5000000017352474200AECE1CE90000000467414D410000B18F0BFC61050000000970485973000012740000127401DE661F780000001349444154185763E092E57F888EA92FC8FF100078501B407A4A4C520000000049454E44AE426082, 0x89504E470D0A1A0A0000000D49484452000000010000000108060000001F15C489000000017352474200AECE1CE90000000467414D410000B18F0BFC61050000000970485973000012740000127401DE661F780000000D49444154185763683F7EF3210007090309FED5AE540000000049454E44AE426082, 3.05, 2, 3, 3)
INSERT dbo.movies(id, title, date, description, duration, miniature, trailer, evaluation, audioResolutions_id, ageRestrictions_id, imageResolutions_id) VALUES (48, 'Suscipit autem iure dolor tempore aut.', '1971-03-13', 'Fugit ea voluptates omnis dolorem unde expedita. Voluptatibus sed et ut. Fugiat reprehenderit adipisci velit magni quisquam error; officia quae sed.', '00:57:16', 0x89504E470D0A1A0A0000000D49484452000000320000003208060000001E3F88B1000000017352474200AECE1CE90000000467414D410000B18F0BFC61050000000970485973000012740000127401DE661F7800000054494441546843EDCF310D002010003156D4E3063F38C146F3B9A102BAF63D6F82229A229A229A229A229A229A229A229A229A229A229A229A229A229A229A229A229A229A229A229A229A229A229A229A2191F33EF55E54386BB3D0C60000000049454E44AE426082, 0x89504E470D0A1A0A0000000D494844520000006400000064080600000070E29554000000017352474200AECE1CE90000000467414D410000B18F0BFC61050000000970485973000012740000127401DE661F78000000F449444154785EEDD1210100201000310C79E86FBFC937A1C6C48925D8B96F368E423085600AC1148229045308A6104C2198423085600AC1148229045308A6104C2198423085600AC1148229045308A6104C2198423085600AC1148229045308A6104C2198423085600AC1148229045308A6104C2198423085600AC1148229045308A6104C2198423085600AC1148229045308A6104C2198423085600AC1148229045308A6104C2198423085600AC1148229045308A6104C2198423085600AC1148229045308A6104C2198423085600AC1148229045308A6104C2198423085600AC1148229045308A6104C2198423085600AA1CC7E4A74E29ADD25ECC50000000049454E44AE426082, 3.06, 3, 2, 1)
INSERT dbo.movies(id, title, date, description, duration, miniature, trailer, evaluation, audioResolutions_id, ageRestrictions_id, imageResolutions_id) VALUES (49, 'Esse dolor eaque voluptatem quibusdam.', '1984-06-04', 'Inventore error nihil quas. Qui eaque modi sit praesentium quae; ut consectetur voluptatem. Molestias amet aliquid. Nostrum error consequatur. Aliquid qui.', '03:20:10', 0x89504E470D0A1A0A0000000D4948445200000019000000190806000000C4E98563000000017352474200AECE1CE90000000467414D410000B18F0BFC61050000000970485973000012740000127401DE661F780000002E49444154484BEDCD3101000008C3306C4D33AAE6040D3DF87AE4CE64D36F2688096282982026880962829800E9010E01DD5B18D9922A0000000049454E44AE426082, 0x89504E470D0A1A0A0000000D49484452000000050000000508060000008D6F26E5000000017352474200AECE1CE90000000467414D410000B18F0BFC61050000000970485973000012740000127401DE661F780000001349444154185763F825E0F5101D535FD0EB2100529D372E0308096E0000000049454E44AE426082, 3.81, 3, 1, 3)
INSERT dbo.movies(id, title, date, description, duration, miniature, trailer, evaluation, audioResolutions_id, ageRestrictions_id, imageResolutions_id) VALUES (50, 'Voluptatem sapiente commodi.', '1970-03-25', 'Magnam fugit ipsum. Aut ipsum perspiciatis! Quia sit nisi. Sit et dicta; ullam soluta perferendis. Enim qui rerum. Tenetur incidunt expedita! Et iure hic.', '00:51:23', 0x89504E470D0A1A0A0000000D494844520000006400000064080600000070E29554000000017352474200AECE1CE90000000467414D410000B18F0BFC61050000000970485973000012740000127401DE661F78000000F449444154785EEDD1210100201000310491E8EF3EC837A1C6C48925D8B96F368E423085600AC1148229045308A6104C2198423085600AC1148229045308A6104C2198423085600AC1148229045308A6104C2198423085600AC1148229045308A6104C2198423085600AC1148229045308A6104C2198423085600AC1148229045308A6104C2198423085600AC1148229045308A6104C2198423085600AC1148229045308A6104C2198423085600AC1148229045308A6104C2198423085600AC1148229045308A6104C2198423085600AC1148229045308A6104C2198423085600AC1148229045308A6104C2198423085600AA1CC7ED3E0F41929E1EC220000000049454E44AE426082, 0x89504E470D0A1A0A0000000D49484452000000320000003208060000001E3F88B1000000017352474200AECE1CE90000000467414D410000B18F0BFC61050000000970485973000012740000127401DE661F7800000054494441546843EDCF310D0020100031ECBD02ACB3E2041B0DB9A102BACE9EFB83229A229A229A229A229A229A229A229A229A229A229A229A229A229A229A229A229A229A229A229A229A229A229A229A4F22731F173DEE6FD562373C0000000049454E44AE426082, 5, 2, 4, 1)
GO
SET IDENTITY_INSERT dbo.movies OFF
GO

--
-- Inserting data into table dbo.categories_has_movies
--
INSERT dbo.categories_has_movies(id, categories_id, movies_id) VALUES (1, 1, 1)
INSERT dbo.categories_has_movies(id, categories_id, movies_id) VALUES (2, 2, 2)
INSERT dbo.categories_has_movies(id, categories_id, movies_id) VALUES (3, 3, 3)
INSERT dbo.categories_has_movies(id, categories_id, movies_id) VALUES (4, 4, 4)
INSERT dbo.categories_has_movies(id, categories_id, movies_id) VALUES (5, 5, 5)
INSERT dbo.categories_has_movies(id, categories_id, movies_id) VALUES (6, 6, 6)
INSERT dbo.categories_has_movies(id, categories_id, movies_id) VALUES (7, 7, 7)
INSERT dbo.categories_has_movies(id, categories_id, movies_id) VALUES (8, 8, 8)
INSERT dbo.categories_has_movies(id, categories_id, movies_id) VALUES (9, 9, 9)
INSERT dbo.categories_has_movies(id, categories_id, movies_id) VALUES (10, 10, 10)
INSERT dbo.categories_has_movies(id, categories_id, movies_id) VALUES (11, 11, 11)
INSERT dbo.categories_has_movies(id, categories_id, movies_id) VALUES (12, 12, 12)
INSERT dbo.categories_has_movies(id, categories_id, movies_id) VALUES (13, 13, 13)
INSERT dbo.categories_has_movies(id, categories_id, movies_id) VALUES (14, 14, 14)
INSERT dbo.categories_has_movies(id, categories_id, movies_id) VALUES (15, 15, 15)
INSERT dbo.categories_has_movies(id, categories_id, movies_id) VALUES (16, 16, 16)
INSERT dbo.categories_has_movies(id, categories_id, movies_id) VALUES (17, 17, 17)
INSERT dbo.categories_has_movies(id, categories_id, movies_id) VALUES (18, 18, 18)
INSERT dbo.categories_has_movies(id, categories_id, movies_id) VALUES (19, 19, 19)
INSERT dbo.categories_has_movies(categories_id, movies_id) VALUES (20, 20)
INSERT dbo.categories_has_movies(categories_id, movies_id) VALUES (21, 21)
INSERT dbo.categories_has_movies(categories_id, movies_id) VALUES (22, 22)
INSERT dbo.categories_has_movies(categories_id, movies_id) VALUES (23, 23)
INSERT dbo.categories_has_movies(categories_id, movies_id) VALUES (24, 24)
INSERT dbo.categories_has_movies(categories_id, movies_id) VALUES (25, 25)
INSERT dbo.categories_has_movies(categories_id, movies_id) VALUES (26, 26)
INSERT dbo.categories_has_movies(categories_id, movies_id) VALUES (27, 27)
INSERT dbo.categories_has_movies(categories_id, movies_id) VALUES (28, 28)
INSERT dbo.categories_has_movies(categories_id, movies_id) VALUES (29, 29)
INSERT dbo.categories_has_movies(categories_id, movies_id) VALUES (30, 30)
INSERT dbo.categories_has_movies(categories_id, movies_id) VALUES (31, 31)
INSERT dbo.categories_has_movies(categories_id, movies_id) VALUES (32, 32)
INSERT dbo.categories_has_movies(categories_id, movies_id) VALUES (33, 33)
INSERT dbo.categories_has_movies(categories_id, movies_id) VALUES (34, 34)
INSERT dbo.categories_has_movies(categories_id, movies_id) VALUES (35, 35)
INSERT dbo.categories_has_movies(categories_id, movies_id) VALUES (36, 36)
INSERT dbo.categories_has_movies(categories_id, movies_id) VALUES (37, 37)
INSERT dbo.categories_has_movies(categories_id, movies_id) VALUES (38, 38)
INSERT dbo.categories_has_movies(categories_id, movies_id) VALUES (39, 39)
INSERT dbo.categories_has_movies(categories_id, movies_id) VALUES (40, 40)
INSERT dbo.categories_has_movies(categories_id, movies_id) VALUES (41, 41)
INSERT dbo.categories_has_movies(categories_id, movies_id) VALUES (42, 42)
INSERT dbo.categories_has_movies(categories_id, movies_id) VALUES (43, 43)
INSERT dbo.categories_has_movies(categories_id, movies_id) VALUES (44, 44)
INSERT dbo.categories_has_movies(categories_id, movies_id) VALUES (45, 45)
INSERT dbo.categories_has_movies(categories_id, movies_id) VALUES (46, 46)
INSERT dbo.categories_has_movies(categories_id, movies_id) VALUES (47, 47)
INSERT dbo.categories_has_movies(categories_id, movies_id) VALUES (48, 48)
INSERT dbo.categories_has_movies(categories_id, movies_id) VALUES (49, 49)
INSERT dbo.categories_has_movies(categories_id, movies_id) VALUES (50, 50)
GO

--
-- Inserting data into table dbo.categories_has_series
--
INSERT dbo.categories_has_series(categories_id, series_id) VALUES (1, 1)
INSERT dbo.categories_has_series(categories_id, series_id) VALUES (2, 2)
INSERT dbo.categories_has_series(categories_id, series_id) VALUES (3, 3)
INSERT dbo.categories_has_series(categories_id, series_id) VALUES (4, 4)
INSERT dbo.categories_has_series(categories_id, series_id) VALUES (5, 5)
INSERT dbo.categories_has_series(categories_id, series_id) VALUES (6, 6)
INSERT dbo.categories_has_series(categories_id, series_id) VALUES (7, 7)
INSERT dbo.categories_has_series(categories_id, series_id) VALUES (8, 8)
INSERT dbo.categories_has_series(categories_id, series_id) VALUES (9, 9)
INSERT dbo.categories_has_series(categories_id, series_id) VALUES (10, 10)
INSERT dbo.categories_has_series(categories_id, series_id) VALUES (11, 11)
INSERT dbo.categories_has_series(categories_id, series_id) VALUES (12, 12)
INSERT dbo.categories_has_series(categories_id, series_id) VALUES (13, 13)
INSERT dbo.categories_has_series(categories_id, series_id) VALUES (14, 14)
INSERT dbo.categories_has_series(categories_id, series_id) VALUES (15, 15)
INSERT dbo.categories_has_series(categories_id, series_id) VALUES (16, 16)
INSERT dbo.categories_has_series(categories_id, series_id) VALUES (17, 17)
INSERT dbo.categories_has_series(categories_id, series_id) VALUES (18, 18)
INSERT dbo.categories_has_series(categories_id, series_id) VALUES (19, 19)
INSERT dbo.categories_has_series(categories_id, series_id) VALUES (20, 20)
INSERT dbo.categories_has_series(categories_id, series_id) VALUES (21, 21)
INSERT dbo.categories_has_series(categories_id, series_id) VALUES (22, 22)
INSERT dbo.categories_has_series(categories_id, series_id) VALUES (23, 23)
INSERT dbo.categories_has_series(categories_id, series_id) VALUES (24, 24)
INSERT dbo.categories_has_series(categories_id, series_id) VALUES (25, 25)
INSERT dbo.categories_has_series(categories_id, series_id) VALUES (26, 26)
INSERT dbo.categories_has_series(categories_id, series_id) VALUES (27, 27)
INSERT dbo.categories_has_series(categories_id, series_id) VALUES (28, 28)
INSERT dbo.categories_has_series(categories_id, series_id) VALUES (29, 29)
INSERT dbo.categories_has_series(categories_id, series_id) VALUES (30, 30)
INSERT dbo.categories_has_series(categories_id, series_id) VALUES (31, 31)
INSERT dbo.categories_has_series(categories_id, series_id) VALUES (32, 32)
INSERT dbo.categories_has_series(categories_id, series_id) VALUES (33, 33)
INSERT dbo.categories_has_series(categories_id, series_id) VALUES (34, 34)
INSERT dbo.categories_has_series(categories_id, series_id) VALUES (35, 35)
INSERT dbo.categories_has_series(categories_id, series_id) VALUES (36, 36)
INSERT dbo.categories_has_series(categories_id, series_id) VALUES (37, 37)
INSERT dbo.categories_has_series(categories_id, series_id) VALUES (38, 38)
INSERT dbo.categories_has_series(categories_id, series_id) VALUES (39, 39)
INSERT dbo.categories_has_series(categories_id, series_id) VALUES (40, 40)
INSERT dbo.categories_has_series(categories_id, series_id) VALUES (41, 41)
INSERT dbo.categories_has_series(categories_id, series_id) VALUES (42, 42)
INSERT dbo.categories_has_series(categories_id, series_id) VALUES (43, 43)
INSERT dbo.categories_has_series(categories_id, series_id) VALUES (44, 44)
INSERT dbo.categories_has_series(categories_id, series_id) VALUES (45, 45)
INSERT dbo.categories_has_series(categories_id, series_id) VALUES (46, 46)
INSERT dbo.categories_has_series(categories_id, series_id) VALUES (47, 47)
INSERT dbo.categories_has_series(categories_id, series_id) VALUES (48, 48)
INSERT dbo.categories_has_series(categories_id, series_id) VALUES (49, 49)
INSERT dbo.categories_has_series(categories_id, series_id) VALUES (50, 50)
GO

--
-- Inserting data into table dbo.episodes_has_roles
--
INSERT dbo.episodes_has_roles(episodes_id, roles_id) VALUES (1, 1)
INSERT dbo.episodes_has_roles(episodes_id, roles_id) VALUES (2, 2)
INSERT dbo.episodes_has_roles(episodes_id, roles_id) VALUES (3, 3)
INSERT dbo.episodes_has_roles(episodes_id, roles_id) VALUES (4, 4)
INSERT dbo.episodes_has_roles(episodes_id, roles_id) VALUES (5, 5)
INSERT dbo.episodes_has_roles(episodes_id, roles_id) VALUES (6, 6)
INSERT dbo.episodes_has_roles(episodes_id, roles_id) VALUES (7, 7)
INSERT dbo.episodes_has_roles(episodes_id, roles_id) VALUES (8, 1)
INSERT dbo.episodes_has_roles(episodes_id, roles_id) VALUES (9, 2)
INSERT dbo.episodes_has_roles(episodes_id, roles_id) VALUES (10, 3)
INSERT dbo.episodes_has_roles(episodes_id, roles_id) VALUES (11, 4)
INSERT dbo.episodes_has_roles(episodes_id, roles_id) VALUES (12, 5)
INSERT dbo.episodes_has_roles(episodes_id, roles_id) VALUES (13, 6)
INSERT dbo.episodes_has_roles(episodes_id, roles_id) VALUES (14, 7)
INSERT dbo.episodes_has_roles(episodes_id, roles_id) VALUES (15, 1)
INSERT dbo.episodes_has_roles(episodes_id, roles_id) VALUES (16, 2)
INSERT dbo.episodes_has_roles(episodes_id, roles_id) VALUES (17, 3)
INSERT dbo.episodes_has_roles(episodes_id, roles_id) VALUES (18, 4)
INSERT dbo.episodes_has_roles(episodes_id, roles_id) VALUES (19, 5)
INSERT dbo.episodes_has_roles(episodes_id, roles_id) VALUES (20, 6)
INSERT dbo.episodes_has_roles(episodes_id, roles_id) VALUES (21, 7)
INSERT dbo.episodes_has_roles(episodes_id, roles_id) VALUES (22, 1)
INSERT dbo.episodes_has_roles(episodes_id, roles_id) VALUES (23, 2)
INSERT dbo.episodes_has_roles(episodes_id, roles_id) VALUES (24, 3)
INSERT dbo.episodes_has_roles(episodes_id, roles_id) VALUES (25, 4)
INSERT dbo.episodes_has_roles(episodes_id, roles_id) VALUES (26, 5)
INSERT dbo.episodes_has_roles(episodes_id, roles_id) VALUES (27, 6)
INSERT dbo.episodes_has_roles(episodes_id, roles_id) VALUES (28, 7)
INSERT dbo.episodes_has_roles(episodes_id, roles_id) VALUES (29, 1)
INSERT dbo.episodes_has_roles(episodes_id, roles_id) VALUES (30, 2)
INSERT dbo.episodes_has_roles(episodes_id, roles_id) VALUES (31, 3)
INSERT dbo.episodes_has_roles(episodes_id, roles_id) VALUES (32, 4)
INSERT dbo.episodes_has_roles(episodes_id, roles_id) VALUES (33, 5)
INSERT dbo.episodes_has_roles(episodes_id, roles_id) VALUES (34, 6)
INSERT dbo.episodes_has_roles(episodes_id, roles_id) VALUES (35, 7)
INSERT dbo.episodes_has_roles(episodes_id, roles_id) VALUES (36, 1)
INSERT dbo.episodes_has_roles(episodes_id, roles_id) VALUES (37, 2)
INSERT dbo.episodes_has_roles(episodes_id, roles_id) VALUES (38, 3)
INSERT dbo.episodes_has_roles(episodes_id, roles_id) VALUES (39, 4)
INSERT dbo.episodes_has_roles(episodes_id, roles_id) VALUES (40, 5)
INSERT dbo.episodes_has_roles(episodes_id, roles_id) VALUES (41, 6)
INSERT dbo.episodes_has_roles(episodes_id, roles_id) VALUES (42, 7)
INSERT dbo.episodes_has_roles(episodes_id, roles_id) VALUES (43, 1)
INSERT dbo.episodes_has_roles(episodes_id, roles_id) VALUES (44, 2)
INSERT dbo.episodes_has_roles(episodes_id, roles_id) VALUES (45, 3)
INSERT dbo.episodes_has_roles(episodes_id, roles_id) VALUES (46, 4)
INSERT dbo.episodes_has_roles(episodes_id, roles_id) VALUES (47, 5)
INSERT dbo.episodes_has_roles(episodes_id, roles_id) VALUES (48, 6)
INSERT dbo.episodes_has_roles(episodes_id, roles_id) VALUES (49, 7)
INSERT dbo.episodes_has_roles(episodes_id, roles_id) VALUES (50, 1)
GO

--
-- Inserting data into table dbo.favorites_has_movies
--
INSERT dbo.favorites_has_movies(favorites_id, movies_id) VALUES (1, 1)
INSERT dbo.favorites_has_movies(favorites_id, movies_id) VALUES (2, 2)
INSERT dbo.favorites_has_movies(favorites_id, movies_id) VALUES (3, 3)
INSERT dbo.favorites_has_movies(favorites_id, movies_id) VALUES (4, 4)
INSERT dbo.favorites_has_movies(favorites_id, movies_id) VALUES (5, 5)
INSERT dbo.favorites_has_movies(favorites_id, movies_id) VALUES (6, 6)
INSERT dbo.favorites_has_movies(favorites_id, movies_id) VALUES (7, 7)
INSERT dbo.favorites_has_movies(favorites_id, movies_id) VALUES (8, 8)
INSERT dbo.favorites_has_movies(favorites_id, movies_id) VALUES (9, 9)
INSERT dbo.favorites_has_movies(favorites_id, movies_id) VALUES (10, 10)
INSERT dbo.favorites_has_movies(favorites_id, movies_id) VALUES (11, 11)
INSERT dbo.favorites_has_movies(favorites_id, movies_id) VALUES (12, 12)
INSERT dbo.favorites_has_movies(favorites_id, movies_id) VALUES (13, 13)
INSERT dbo.favorites_has_movies(favorites_id, movies_id) VALUES (14, 14)
INSERT dbo.favorites_has_movies(favorites_id, movies_id) VALUES (15, 15)
INSERT dbo.favorites_has_movies(favorites_id, movies_id) VALUES (16, 16)
INSERT dbo.favorites_has_movies(favorites_id, movies_id) VALUES (17, 17)
INSERT dbo.favorites_has_movies(favorites_id, movies_id) VALUES (18, 18)
INSERT dbo.favorites_has_movies(favorites_id, movies_id) VALUES (19, 19)
INSERT dbo.favorites_has_movies(favorites_id, movies_id) VALUES (20, 20)
INSERT dbo.favorites_has_movies(favorites_id, movies_id) VALUES (21, 21)
INSERT dbo.favorites_has_movies(favorites_id, movies_id) VALUES (22, 22)
INSERT dbo.favorites_has_movies(favorites_id, movies_id) VALUES (23, 23)
INSERT dbo.favorites_has_movies(favorites_id, movies_id) VALUES (24, 24)
INSERT dbo.favorites_has_movies(favorites_id, movies_id) VALUES (25, 25)
INSERT dbo.favorites_has_movies(favorites_id, movies_id) VALUES (26, 26)
INSERT dbo.favorites_has_movies(favorites_id, movies_id) VALUES (27, 27)
INSERT dbo.favorites_has_movies(favorites_id, movies_id) VALUES (28, 28)
INSERT dbo.favorites_has_movies(favorites_id, movies_id) VALUES (29, 29)
INSERT dbo.favorites_has_movies(favorites_id, movies_id) VALUES (30, 30)
INSERT dbo.favorites_has_movies(favorites_id, movies_id) VALUES (31, 31)
INSERT dbo.favorites_has_movies(favorites_id, movies_id) VALUES (32, 32)
INSERT dbo.favorites_has_movies(favorites_id, movies_id) VALUES (33, 33)
INSERT dbo.favorites_has_movies(favorites_id, movies_id) VALUES (34, 34)
INSERT dbo.favorites_has_movies(favorites_id, movies_id) VALUES (35, 35)
INSERT dbo.favorites_has_movies(favorites_id, movies_id) VALUES (36, 36)
INSERT dbo.favorites_has_movies(favorites_id, movies_id) VALUES (37, 37)
INSERT dbo.favorites_has_movies(favorites_id, movies_id) VALUES (38, 38)
INSERT dbo.favorites_has_movies(favorites_id, movies_id) VALUES (39, 39)
INSERT dbo.favorites_has_movies(favorites_id, movies_id) VALUES (40, 40)
INSERT dbo.favorites_has_movies(favorites_id, movies_id) VALUES (41, 41)
INSERT dbo.favorites_has_movies(favorites_id, movies_id) VALUES (42, 42)
INSERT dbo.favorites_has_movies(favorites_id, movies_id) VALUES (43, 43)
INSERT dbo.favorites_has_movies(favorites_id, movies_id) VALUES (44, 44)
INSERT dbo.favorites_has_movies(favorites_id, movies_id) VALUES (45, 45)
INSERT dbo.favorites_has_movies(favorites_id, movies_id) VALUES (46, 46)
INSERT dbo.favorites_has_movies(favorites_id, movies_id) VALUES (47, 47)
INSERT dbo.favorites_has_movies(favorites_id, movies_id) VALUES (48, 48)
INSERT dbo.favorites_has_movies(favorites_id, movies_id) VALUES (49, 49)
INSERT dbo.favorites_has_movies(favorites_id, movies_id) VALUES (50, 50)
GO

--
-- Inserting data into table dbo.favorites_has_series
--
INSERT dbo.favorites_has_series(favorites_id, series_id) VALUES (1, 1)
INSERT dbo.favorites_has_series(favorites_id, series_id) VALUES (2, 2)
INSERT dbo.favorites_has_series(favorites_id, series_id) VALUES (3, 3)
INSERT dbo.favorites_has_series(favorites_id, series_id) VALUES (4, 4)
INSERT dbo.favorites_has_series(favorites_id, series_id) VALUES (5, 5)
INSERT dbo.favorites_has_series(favorites_id, series_id) VALUES (6, 6)
INSERT dbo.favorites_has_series(favorites_id, series_id) VALUES (7, 7)
INSERT dbo.favorites_has_series(favorites_id, series_id) VALUES (8, 8)
INSERT dbo.favorites_has_series(favorites_id, series_id) VALUES (9, 9)
INSERT dbo.favorites_has_series(favorites_id, series_id) VALUES (10, 10)
INSERT dbo.favorites_has_series(favorites_id, series_id) VALUES (11, 11)
INSERT dbo.favorites_has_series(favorites_id, series_id) VALUES (12, 12)
INSERT dbo.favorites_has_series(favorites_id, series_id) VALUES (13, 13)
INSERT dbo.favorites_has_series(favorites_id, series_id) VALUES (14, 14)
INSERT dbo.favorites_has_series(favorites_id, series_id) VALUES (15, 15)
INSERT dbo.favorites_has_series(favorites_id, series_id) VALUES (16, 16)
INSERT dbo.favorites_has_series(favorites_id, series_id) VALUES (17, 17)
INSERT dbo.favorites_has_series(favorites_id, series_id) VALUES (18, 18)
INSERT dbo.favorites_has_series(favorites_id, series_id) VALUES (19, 19)
INSERT dbo.favorites_has_series(favorites_id, series_id) VALUES (20, 20)
INSERT dbo.favorites_has_series(favorites_id, series_id) VALUES (21, 21)
INSERT dbo.favorites_has_series(favorites_id, series_id) VALUES (22, 22)
INSERT dbo.favorites_has_series(favorites_id, series_id) VALUES (23, 23)
INSERT dbo.favorites_has_series(favorites_id, series_id) VALUES (24, 24)
INSERT dbo.favorites_has_series(favorites_id, series_id) VALUES (25, 25)
INSERT dbo.favorites_has_series(favorites_id, series_id) VALUES (26, 26)
INSERT dbo.favorites_has_series(favorites_id, series_id) VALUES (27, 27)
INSERT dbo.favorites_has_series(favorites_id, series_id) VALUES (28, 28)
INSERT dbo.favorites_has_series(favorites_id, series_id) VALUES (29, 29)
INSERT dbo.favorites_has_series(favorites_id, series_id) VALUES (30, 30)
INSERT dbo.favorites_has_series(favorites_id, series_id) VALUES (31, 31)
INSERT dbo.favorites_has_series(favorites_id, series_id) VALUES (32, 32)
INSERT dbo.favorites_has_series(favorites_id, series_id) VALUES (33, 33)
INSERT dbo.favorites_has_series(favorites_id, series_id) VALUES (34, 34)
INSERT dbo.favorites_has_series(favorites_id, series_id) VALUES (35, 35)
INSERT dbo.favorites_has_series(favorites_id, series_id) VALUES (36, 36)
INSERT dbo.favorites_has_series(favorites_id, series_id) VALUES (37, 37)
INSERT dbo.favorites_has_series(favorites_id, series_id) VALUES (38, 38)
INSERT dbo.favorites_has_series(favorites_id, series_id) VALUES (39, 39)
INSERT dbo.favorites_has_series(favorites_id, series_id) VALUES (40, 40)
INSERT dbo.favorites_has_series(favorites_id, series_id) VALUES (41, 41)
INSERT dbo.favorites_has_series(favorites_id, series_id) VALUES (42, 42)
INSERT dbo.favorites_has_series(favorites_id, series_id) VALUES (43, 43)
INSERT dbo.favorites_has_series(favorites_id, series_id) VALUES (44, 44)
INSERT dbo.favorites_has_series(favorites_id, series_id) VALUES (45, 45)
INSERT dbo.favorites_has_series(favorites_id, series_id) VALUES (46, 46)
INSERT dbo.favorites_has_series(favorites_id, series_id) VALUES (47, 47)
INSERT dbo.favorites_has_series(favorites_id, series_id) VALUES (48, 48)
INSERT dbo.favorites_has_series(favorites_id, series_id) VALUES (49, 49)
INSERT dbo.favorites_has_series(favorites_id, series_id) VALUES (50, 50)
GO

--
-- Inserting data into table dbo.productionStudios_has_movies
--
INSERT dbo.productionStudios_has_movies(productionStudios_id, movies_id) VALUES (1, 1)
INSERT dbo.productionStudios_has_movies(productionStudios_id, movies_id) VALUES (2, 2)
INSERT dbo.productionStudios_has_movies(productionStudios_id, movies_id) VALUES (3, 3)
INSERT dbo.productionStudios_has_movies(productionStudios_id, movies_id) VALUES (4, 4)
INSERT dbo.productionStudios_has_movies(productionStudios_id, movies_id) VALUES (5, 5)
INSERT dbo.productionStudios_has_movies(productionStudios_id, movies_id) VALUES (6, 6)
INSERT dbo.productionStudios_has_movies(productionStudios_id, movies_id) VALUES (7, 7)
INSERT dbo.productionStudios_has_movies(productionStudios_id, movies_id) VALUES (8, 8)
INSERT dbo.productionStudios_has_movies(productionStudios_id, movies_id) VALUES (9, 9)
INSERT dbo.productionStudios_has_movies(productionStudios_id, movies_id) VALUES (10, 10)
INSERT dbo.productionStudios_has_movies(productionStudios_id, movies_id) VALUES (11, 11)
INSERT dbo.productionStudios_has_movies(productionStudios_id, movies_id) VALUES (12, 12)
INSERT dbo.productionStudios_has_movies(productionStudios_id, movies_id) VALUES (13, 13)
INSERT dbo.productionStudios_has_movies(productionStudios_id, movies_id) VALUES (14, 14)
INSERT dbo.productionStudios_has_movies(productionStudios_id, movies_id) VALUES (15, 15)
INSERT dbo.productionStudios_has_movies(productionStudios_id, movies_id) VALUES (16, 16)
INSERT dbo.productionStudios_has_movies(productionStudios_id, movies_id) VALUES (17, 17)
INSERT dbo.productionStudios_has_movies(productionStudios_id, movies_id) VALUES (18, 18)
INSERT dbo.productionStudios_has_movies(productionStudios_id, movies_id) VALUES (19, 19)
INSERT dbo.productionStudios_has_movies(productionStudios_id, movies_id) VALUES (20, 20)
INSERT dbo.productionStudios_has_movies(productionStudios_id, movies_id) VALUES (21, 21)
INSERT dbo.productionStudios_has_movies(productionStudios_id, movies_id) VALUES (22, 22)
INSERT dbo.productionStudios_has_movies(productionStudios_id, movies_id) VALUES (23, 23)
INSERT dbo.productionStudios_has_movies(productionStudios_id, movies_id) VALUES (24, 24)
INSERT dbo.productionStudios_has_movies(productionStudios_id, movies_id) VALUES (25, 25)
INSERT dbo.productionStudios_has_movies(productionStudios_id, movies_id) VALUES (26, 26)
INSERT dbo.productionStudios_has_movies(productionStudios_id, movies_id) VALUES (27, 27)
INSERT dbo.productionStudios_has_movies(productionStudios_id, movies_id) VALUES (28, 28)
INSERT dbo.productionStudios_has_movies(productionStudios_id, movies_id) VALUES (29, 29)
INSERT dbo.productionStudios_has_movies(productionStudios_id, movies_id) VALUES (30, 30)
INSERT dbo.productionStudios_has_movies(productionStudios_id, movies_id) VALUES (31, 31)
INSERT dbo.productionStudios_has_movies(productionStudios_id, movies_id) VALUES (32, 32)
INSERT dbo.productionStudios_has_movies(productionStudios_id, movies_id) VALUES (33, 33)
INSERT dbo.productionStudios_has_movies(productionStudios_id, movies_id) VALUES (34, 34)
INSERT dbo.productionStudios_has_movies(productionStudios_id, movies_id) VALUES (35, 35)
INSERT dbo.productionStudios_has_movies(productionStudios_id, movies_id) VALUES (36, 36)
INSERT dbo.productionStudios_has_movies(productionStudios_id, movies_id) VALUES (37, 37)
INSERT dbo.productionStudios_has_movies(productionStudios_id, movies_id) VALUES (38, 38)
INSERT dbo.productionStudios_has_movies(productionStudios_id, movies_id) VALUES (39, 39)
INSERT dbo.productionStudios_has_movies(productionStudios_id, movies_id) VALUES (40, 40)
INSERT dbo.productionStudios_has_movies(productionStudios_id, movies_id) VALUES (41, 41)
INSERT dbo.productionStudios_has_movies(productionStudios_id, movies_id) VALUES (42, 42)
INSERT dbo.productionStudios_has_movies(productionStudios_id, movies_id) VALUES (43, 43)
INSERT dbo.productionStudios_has_movies(productionStudios_id, movies_id) VALUES (44, 44)
INSERT dbo.productionStudios_has_movies(productionStudios_id, movies_id) VALUES (45, 45)
INSERT dbo.productionStudios_has_movies(productionStudios_id, movies_id) VALUES (46, 46)
INSERT dbo.productionStudios_has_movies(productionStudios_id, movies_id) VALUES (47, 47)
INSERT dbo.productionStudios_has_movies(productionStudios_id, movies_id) VALUES (48, 48)
INSERT dbo.productionStudios_has_movies(productionStudios_id, movies_id) VALUES (49, 49)
INSERT dbo.productionStudios_has_movies(productionStudios_id, movies_id) VALUES (50, 50)
GO

--
-- Inserting data into table dbo.roles_has_movies
--
INSERT dbo.roles_has_movies(roles_id, movies_id) VALUES (1, 1)
INSERT dbo.roles_has_movies(roles_id, movies_id) VALUES (2, 2)
INSERT dbo.roles_has_movies(roles_id, movies_id) VALUES (3, 3)
INSERT dbo.roles_has_movies(roles_id, movies_id) VALUES (4, 4)
INSERT dbo.roles_has_movies(roles_id, movies_id) VALUES (5, 5)
INSERT dbo.roles_has_movies(roles_id, movies_id) VALUES (6, 6)
INSERT dbo.roles_has_movies(roles_id, movies_id) VALUES (7, 7)
INSERT dbo.roles_has_movies(roles_id, movies_id) VALUES (1, 8)
INSERT dbo.roles_has_movies(roles_id, movies_id) VALUES (2, 9)
INSERT dbo.roles_has_movies(roles_id, movies_id) VALUES (3, 10)
INSERT dbo.roles_has_movies(roles_id, movies_id) VALUES (4, 11)
INSERT dbo.roles_has_movies(roles_id, movies_id) VALUES (5, 12)
INSERT dbo.roles_has_movies(roles_id, movies_id) VALUES (6, 13)
INSERT dbo.roles_has_movies(roles_id, movies_id) VALUES (7, 14)
INSERT dbo.roles_has_movies(roles_id, movies_id) VALUES (1, 15)
INSERT dbo.roles_has_movies(roles_id, movies_id) VALUES (2, 16)
INSERT dbo.roles_has_movies(roles_id, movies_id) VALUES (3, 17)
INSERT dbo.roles_has_movies(roles_id, movies_id) VALUES (4, 18)
INSERT dbo.roles_has_movies(roles_id, movies_id) VALUES (5, 19)
INSERT dbo.roles_has_movies(roles_id, movies_id) VALUES (6, 20)
INSERT dbo.roles_has_movies(roles_id, movies_id) VALUES (7, 21)
INSERT dbo.roles_has_movies(roles_id, movies_id) VALUES (1, 22)
INSERT dbo.roles_has_movies(roles_id, movies_id) VALUES (2, 23)
INSERT dbo.roles_has_movies(roles_id, movies_id) VALUES (3, 24)
INSERT dbo.roles_has_movies(roles_id, movies_id) VALUES (4, 25)
INSERT dbo.roles_has_movies(roles_id, movies_id) VALUES (5, 26)
INSERT dbo.roles_has_movies(roles_id, movies_id) VALUES (6, 27)
INSERT dbo.roles_has_movies(roles_id, movies_id) VALUES (7, 28)
INSERT dbo.roles_has_movies(roles_id, movies_id) VALUES (1, 29)
INSERT dbo.roles_has_movies(roles_id, movies_id) VALUES (2, 30)
INSERT dbo.roles_has_movies(roles_id, movies_id) VALUES (3, 31)
INSERT dbo.roles_has_movies(roles_id, movies_id) VALUES (4, 32)
INSERT dbo.roles_has_movies(roles_id, movies_id) VALUES (5, 33)
INSERT dbo.roles_has_movies(roles_id, movies_id) VALUES (6, 34)
INSERT dbo.roles_has_movies(roles_id, movies_id) VALUES (7, 35)
INSERT dbo.roles_has_movies(roles_id, movies_id) VALUES (1, 36)
INSERT dbo.roles_has_movies(roles_id, movies_id) VALUES (2, 37)
INSERT dbo.roles_has_movies(roles_id, movies_id) VALUES (3, 38)
INSERT dbo.roles_has_movies(roles_id, movies_id) VALUES (4, 39)
INSERT dbo.roles_has_movies(roles_id, movies_id) VALUES (5, 40)
INSERT dbo.roles_has_movies(roles_id, movies_id) VALUES (6, 41)
INSERT dbo.roles_has_movies(roles_id, movies_id) VALUES (7, 42)
INSERT dbo.roles_has_movies(roles_id, movies_id) VALUES (1, 43)
INSERT dbo.roles_has_movies(roles_id, movies_id) VALUES (2, 44)
INSERT dbo.roles_has_movies(roles_id, movies_id) VALUES (3, 45)
INSERT dbo.roles_has_movies(roles_id, movies_id) VALUES (4, 46)
INSERT dbo.roles_has_movies(roles_id, movies_id) VALUES (5, 47)
INSERT dbo.roles_has_movies(roles_id, movies_id) VALUES (6, 48)
INSERT dbo.roles_has_movies(roles_id, movies_id) VALUES (7, 49)
INSERT dbo.roles_has_movies(roles_id, movies_id) VALUES (1, 50)
GO

--
-- Inserting data into table dbo.series_has_productionStudios
--
INSERT dbo.series_has_productionStudios(series_id, productionStudios_id) VALUES (1, 1)
INSERT dbo.series_has_productionStudios(series_id, productionStudios_id) VALUES (2, 2)
INSERT dbo.series_has_productionStudios(series_id, productionStudios_id) VALUES (3, 3)
INSERT dbo.series_has_productionStudios(series_id, productionStudios_id) VALUES (4, 4)
INSERT dbo.series_has_productionStudios(series_id, productionStudios_id) VALUES (5, 5)
INSERT dbo.series_has_productionStudios(series_id, productionStudios_id) VALUES (6, 6)
INSERT dbo.series_has_productionStudios(series_id, productionStudios_id) VALUES (7, 7)
INSERT dbo.series_has_productionStudios(series_id, productionStudios_id) VALUES (8, 8)
INSERT dbo.series_has_productionStudios(series_id, productionStudios_id) VALUES (9, 9)
INSERT dbo.series_has_productionStudios(series_id, productionStudios_id) VALUES (10, 10)
INSERT dbo.series_has_productionStudios(series_id, productionStudios_id) VALUES (11, 11)
INSERT dbo.series_has_productionStudios(series_id, productionStudios_id) VALUES (12, 12)
INSERT dbo.series_has_productionStudios(series_id, productionStudios_id) VALUES (13, 13)
INSERT dbo.series_has_productionStudios(series_id, productionStudios_id) VALUES (14, 14)
INSERT dbo.series_has_productionStudios(series_id, productionStudios_id) VALUES (15, 15)
INSERT dbo.series_has_productionStudios(series_id, productionStudios_id) VALUES (16, 16)
INSERT dbo.series_has_productionStudios(series_id, productionStudios_id) VALUES (17, 17)
INSERT dbo.series_has_productionStudios(series_id, productionStudios_id) VALUES (18, 18)
INSERT dbo.series_has_productionStudios(series_id, productionStudios_id) VALUES (19, 19)
INSERT dbo.series_has_productionStudios(series_id, productionStudios_id) VALUES (20, 20)
INSERT dbo.series_has_productionStudios(series_id, productionStudios_id) VALUES (21, 21)
INSERT dbo.series_has_productionStudios(series_id, productionStudios_id) VALUES (22, 22)
INSERT dbo.series_has_productionStudios(series_id, productionStudios_id) VALUES (23, 23)
INSERT dbo.series_has_productionStudios(series_id, productionStudios_id) VALUES (24, 24)
INSERT dbo.series_has_productionStudios(series_id, productionStudios_id) VALUES (25, 25)
INSERT dbo.series_has_productionStudios(series_id, productionStudios_id) VALUES (26, 26)
INSERT dbo.series_has_productionStudios(series_id, productionStudios_id) VALUES (27, 27)
INSERT dbo.series_has_productionStudios(series_id, productionStudios_id) VALUES (28, 28)
INSERT dbo.series_has_productionStudios(series_id, productionStudios_id) VALUES (29, 29)
INSERT dbo.series_has_productionStudios(series_id, productionStudios_id) VALUES (30, 30)
INSERT dbo.series_has_productionStudios(series_id, productionStudios_id) VALUES (31, 31)
INSERT dbo.series_has_productionStudios(series_id, productionStudios_id) VALUES (32, 32)
INSERT dbo.series_has_productionStudios(series_id, productionStudios_id) VALUES (33, 33)
INSERT dbo.series_has_productionStudios(series_id, productionStudios_id) VALUES (34, 34)
INSERT dbo.series_has_productionStudios(series_id, productionStudios_id) VALUES (35, 35)
INSERT dbo.series_has_productionStudios(series_id, productionStudios_id) VALUES (36, 36)
INSERT dbo.series_has_productionStudios(series_id, productionStudios_id) VALUES (37, 37)
INSERT dbo.series_has_productionStudios(series_id, productionStudios_id) VALUES (38, 38)
INSERT dbo.series_has_productionStudios(series_id, productionStudios_id) VALUES (39, 39)
INSERT dbo.series_has_productionStudios(series_id, productionStudios_id) VALUES (40, 40)
INSERT dbo.series_has_productionStudios(series_id, productionStudios_id) VALUES (41, 41)
INSERT dbo.series_has_productionStudios(series_id, productionStudios_id) VALUES (42, 42)
INSERT dbo.series_has_productionStudios(series_id, productionStudios_id) VALUES (43, 43)
INSERT dbo.series_has_productionStudios(series_id, productionStudios_id) VALUES (44, 44)
INSERT dbo.series_has_productionStudios(series_id, productionStudios_id) VALUES (45, 45)
INSERT dbo.series_has_productionStudios(series_id, productionStudios_id) VALUES (46, 46)
INSERT dbo.series_has_productionStudios(series_id, productionStudios_id) VALUES (47, 47)
INSERT dbo.series_has_productionStudios(series_id, productionStudios_id) VALUES (48, 48)
INSERT dbo.series_has_productionStudios(series_id, productionStudios_id) VALUES (49, 49)
INSERT dbo.series_has_productionStudios(series_id, productionStudios_id) VALUES (50, 50)
GO

--
-- Inserting data into table dbo.series_has_roles
--
INSERT dbo.series_has_roles(series_id, roles_id) VALUES (1, 1)
INSERT dbo.series_has_roles(series_id, roles_id) VALUES (2, 2)
INSERT dbo.series_has_roles(series_id, roles_id) VALUES (3, 3)
INSERT dbo.series_has_roles(series_id, roles_id) VALUES (4, 4)
INSERT dbo.series_has_roles(series_id, roles_id) VALUES (5, 5)
INSERT dbo.series_has_roles(series_id, roles_id) VALUES (6, 6)
INSERT dbo.series_has_roles(series_id, roles_id) VALUES (7, 7)
INSERT dbo.series_has_roles(series_id, roles_id) VALUES (8, 1)
INSERT dbo.series_has_roles(series_id, roles_id) VALUES (9, 2)
INSERT dbo.series_has_roles(series_id, roles_id) VALUES (10, 3)
INSERT dbo.series_has_roles(series_id, roles_id) VALUES (11, 4)
INSERT dbo.series_has_roles(series_id, roles_id) VALUES (12, 5)
INSERT dbo.series_has_roles(series_id, roles_id) VALUES (13, 6)
INSERT dbo.series_has_roles(series_id, roles_id) VALUES (14, 7)
INSERT dbo.series_has_roles(series_id, roles_id) VALUES (15, 1)
INSERT dbo.series_has_roles(series_id, roles_id) VALUES (16, 2)
INSERT dbo.series_has_roles(series_id, roles_id) VALUES (17, 3)
INSERT dbo.series_has_roles(series_id, roles_id) VALUES (18, 4)
INSERT dbo.series_has_roles(series_id, roles_id) VALUES (19, 5)
INSERT dbo.series_has_roles(series_id, roles_id) VALUES (20, 6)
INSERT dbo.series_has_roles(series_id, roles_id) VALUES (21, 7)
INSERT dbo.series_has_roles(series_id, roles_id) VALUES (22, 1)
INSERT dbo.series_has_roles(series_id, roles_id) VALUES (23, 2)
INSERT dbo.series_has_roles(series_id, roles_id) VALUES (24, 3)
INSERT dbo.series_has_roles(series_id, roles_id) VALUES (25, 4)
INSERT dbo.series_has_roles(series_id, roles_id) VALUES (26, 5)
INSERT dbo.series_has_roles(series_id, roles_id) VALUES (27, 6)
INSERT dbo.series_has_roles(series_id, roles_id) VALUES (28, 7)
INSERT dbo.series_has_roles(series_id, roles_id) VALUES (29, 1)
INSERT dbo.series_has_roles(series_id, roles_id) VALUES (30, 2)
INSERT dbo.series_has_roles(series_id, roles_id) VALUES (31, 3)
INSERT dbo.series_has_roles(series_id, roles_id) VALUES (32, 4)
INSERT dbo.series_has_roles(series_id, roles_id) VALUES (33, 5)
INSERT dbo.series_has_roles(series_id, roles_id) VALUES (34, 6)
INSERT dbo.series_has_roles(series_id, roles_id) VALUES (35, 7)
INSERT dbo.series_has_roles(series_id, roles_id) VALUES (36, 1)
INSERT dbo.series_has_roles(series_id, roles_id) VALUES (37, 2)
INSERT dbo.series_has_roles(series_id, roles_id) VALUES (38, 3)
INSERT dbo.series_has_roles(series_id, roles_id) VALUES (39, 4)
INSERT dbo.series_has_roles(series_id, roles_id) VALUES (40, 5)
INSERT dbo.series_has_roles(series_id, roles_id) VALUES (41, 6)
INSERT dbo.series_has_roles(series_id, roles_id) VALUES (42, 7)
INSERT dbo.series_has_roles(series_id, roles_id) VALUES (43, 1)
INSERT dbo.series_has_roles(series_id, roles_id) VALUES (44, 2)
INSERT dbo.series_has_roles(series_id, roles_id) VALUES (45, 3)
INSERT dbo.series_has_roles(series_id, roles_id) VALUES (46, 4)
INSERT dbo.series_has_roles(series_id, roles_id) VALUES (47, 5)
INSERT dbo.series_has_roles(series_id, roles_id) VALUES (48, 6)
INSERT dbo.series_has_roles(series_id, roles_id) VALUES (49, 7)
INSERT dbo.series_has_roles(series_id, roles_id) VALUES (50, 1)
GO

--
-- Inserting data into table dbo.subscriptions_has_imageResolutions
--
INSERT dbo.subscriptions_has_imageResolutions(subscriptions_id, imageResolutions_id) VALUES (1, 1)
INSERT dbo.subscriptions_has_imageResolutions(subscriptions_id, imageResolutions_id) VALUES (2, 2)
INSERT dbo.subscriptions_has_imageResolutions(subscriptions_id, imageResolutions_id) VALUES (3, 3)
INSERT dbo.subscriptions_has_imageResolutions(subscriptions_id, imageResolutions_id) VALUES (1, 1)
INSERT dbo.subscriptions_has_imageResolutions(subscriptions_id, imageResolutions_id) VALUES (2, 2)
INSERT dbo.subscriptions_has_imageResolutions(subscriptions_id, imageResolutions_id) VALUES (3, 3)
INSERT dbo.subscriptions_has_imageResolutions(subscriptions_id, imageResolutions_id) VALUES (1, 1)
INSERT dbo.subscriptions_has_imageResolutions(subscriptions_id, imageResolutions_id) VALUES (2, 2)
INSERT dbo.subscriptions_has_imageResolutions(subscriptions_id, imageResolutions_id) VALUES (3, 3)
INSERT dbo.subscriptions_has_imageResolutions(subscriptions_id, imageResolutions_id) VALUES (1, 1)
INSERT dbo.subscriptions_has_imageResolutions(subscriptions_id, imageResolutions_id) VALUES (2, 2)
INSERT dbo.subscriptions_has_imageResolutions(subscriptions_id, imageResolutions_id) VALUES (3, 3)
INSERT dbo.subscriptions_has_imageResolutions(subscriptions_id, imageResolutions_id) VALUES (1, 1)
INSERT dbo.subscriptions_has_imageResolutions(subscriptions_id, imageResolutions_id) VALUES (2, 2)
INSERT dbo.subscriptions_has_imageResolutions(subscriptions_id, imageResolutions_id) VALUES (3, 3)
INSERT dbo.subscriptions_has_imageResolutions(subscriptions_id, imageResolutions_id) VALUES (1, 1)
INSERT dbo.subscriptions_has_imageResolutions(subscriptions_id, imageResolutions_id) VALUES (2, 2)
INSERT dbo.subscriptions_has_imageResolutions(subscriptions_id, imageResolutions_id) VALUES (3, 3)
INSERT dbo.subscriptions_has_imageResolutions(subscriptions_id, imageResolutions_id) VALUES (1, 1)
INSERT dbo.subscriptions_has_imageResolutions(subscriptions_id, imageResolutions_id) VALUES (2, 2)
INSERT dbo.subscriptions_has_imageResolutions(subscriptions_id, imageResolutions_id) VALUES (3, 3)
INSERT dbo.subscriptions_has_imageResolutions(subscriptions_id, imageResolutions_id) VALUES (1, 1)
INSERT dbo.subscriptions_has_imageResolutions(subscriptions_id, imageResolutions_id) VALUES (2, 2)
INSERT dbo.subscriptions_has_imageResolutions(subscriptions_id, imageResolutions_id) VALUES (3, 3)
INSERT dbo.subscriptions_has_imageResolutions(subscriptions_id, imageResolutions_id) VALUES (1, 1)
INSERT dbo.subscriptions_has_imageResolutions(subscriptions_id, imageResolutions_id) VALUES (2, 2)
INSERT dbo.subscriptions_has_imageResolutions(subscriptions_id, imageResolutions_id) VALUES (3, 3)
INSERT dbo.subscriptions_has_imageResolutions(subscriptions_id, imageResolutions_id) VALUES (1, 1)
INSERT dbo.subscriptions_has_imageResolutions(subscriptions_id, imageResolutions_id) VALUES (2, 2)
INSERT dbo.subscriptions_has_imageResolutions(subscriptions_id, imageResolutions_id) VALUES (3, 3)
INSERT dbo.subscriptions_has_imageResolutions(subscriptions_id, imageResolutions_id) VALUES (1, 1)
INSERT dbo.subscriptions_has_imageResolutions(subscriptions_id, imageResolutions_id) VALUES (2, 2)
INSERT dbo.subscriptions_has_imageResolutions(subscriptions_id, imageResolutions_id) VALUES (3, 3)
INSERT dbo.subscriptions_has_imageResolutions(subscriptions_id, imageResolutions_id) VALUES (1, 1)
INSERT dbo.subscriptions_has_imageResolutions(subscriptions_id, imageResolutions_id) VALUES (2, 2)
INSERT dbo.subscriptions_has_imageResolutions(subscriptions_id, imageResolutions_id) VALUES (3, 3)
INSERT dbo.subscriptions_has_imageResolutions(subscriptions_id, imageResolutions_id) VALUES (1, 1)
INSERT dbo.subscriptions_has_imageResolutions(subscriptions_id, imageResolutions_id) VALUES (2, 2)
INSERT dbo.subscriptions_has_imageResolutions(subscriptions_id, imageResolutions_id) VALUES (3, 3)
INSERT dbo.subscriptions_has_imageResolutions(subscriptions_id, imageResolutions_id) VALUES (1, 1)
INSERT dbo.subscriptions_has_imageResolutions(subscriptions_id, imageResolutions_id) VALUES (2, 2)
INSERT dbo.subscriptions_has_imageResolutions(subscriptions_id, imageResolutions_id) VALUES (3, 3)
INSERT dbo.subscriptions_has_imageResolutions(subscriptions_id, imageResolutions_id) VALUES (1, 1)
INSERT dbo.subscriptions_has_imageResolutions(subscriptions_id, imageResolutions_id) VALUES (2, 2)
INSERT dbo.subscriptions_has_imageResolutions(subscriptions_id, imageResolutions_id) VALUES (3, 3)
INSERT dbo.subscriptions_has_imageResolutions(subscriptions_id, imageResolutions_id) VALUES (1, 1)
INSERT dbo.subscriptions_has_imageResolutions(subscriptions_id, imageResolutions_id) VALUES (2, 2)
INSERT dbo.subscriptions_has_imageResolutions(subscriptions_id, imageResolutions_id) VALUES (3, 3)
INSERT dbo.subscriptions_has_imageResolutions(subscriptions_id, imageResolutions_id) VALUES (1, 1)
INSERT dbo.subscriptions_has_imageResolutions(subscriptions_id, imageResolutions_id) VALUES (2, 2)
GO

--
-- Inserting data into table dbo.users_has_episodes
--
INSERT dbo.users_has_episodes(users_id, episodes_id) VALUES (1, 1)
INSERT dbo.users_has_episodes(users_id, episodes_id) VALUES (2, 2)
INSERT dbo.users_has_episodes(users_id, episodes_id) VALUES (3, 3)
INSERT dbo.users_has_episodes(users_id, episodes_id) VALUES (4, 4)
INSERT dbo.users_has_episodes(users_id, episodes_id) VALUES (5, 5)
INSERT dbo.users_has_episodes(users_id, episodes_id) VALUES (6, 6)
INSERT dbo.users_has_episodes(users_id, episodes_id) VALUES (7, 7)
INSERT dbo.users_has_episodes(users_id, episodes_id) VALUES (8, 8)
INSERT dbo.users_has_episodes(users_id, episodes_id) VALUES (9, 9)
INSERT dbo.users_has_episodes(users_id, episodes_id) VALUES (10, 10)
INSERT dbo.users_has_episodes(users_id, episodes_id) VALUES (11, 11)
INSERT dbo.users_has_episodes(users_id, episodes_id) VALUES (12, 12)
INSERT dbo.users_has_episodes(users_id, episodes_id) VALUES (13, 13)
INSERT dbo.users_has_episodes(users_id, episodes_id) VALUES (14, 14)
INSERT dbo.users_has_episodes(users_id, episodes_id) VALUES (15, 15)
INSERT dbo.users_has_episodes(users_id, episodes_id) VALUES (16, 16)
INSERT dbo.users_has_episodes(users_id, episodes_id) VALUES (17, 17)
INSERT dbo.users_has_episodes(users_id, episodes_id) VALUES (18, 18)
INSERT dbo.users_has_episodes(users_id, episodes_id) VALUES (19, 19)
INSERT dbo.users_has_episodes(users_id, episodes_id) VALUES (20, 20)
INSERT dbo.users_has_episodes(users_id, episodes_id) VALUES (21, 21)
INSERT dbo.users_has_episodes(users_id, episodes_id) VALUES (22, 22)
INSERT dbo.users_has_episodes(users_id, episodes_id) VALUES (23, 23)
INSERT dbo.users_has_episodes(users_id, episodes_id) VALUES (24, 24)
INSERT dbo.users_has_episodes(users_id, episodes_id) VALUES (25, 25)
INSERT dbo.users_has_episodes(users_id, episodes_id) VALUES (26, 26)
INSERT dbo.users_has_episodes(users_id, episodes_id) VALUES (27, 27)
INSERT dbo.users_has_episodes(users_id, episodes_id) VALUES (28, 28)
INSERT dbo.users_has_episodes(users_id, episodes_id) VALUES (29, 29)
INSERT dbo.users_has_episodes(users_id, episodes_id) VALUES (30, 30)
INSERT dbo.users_has_episodes(users_id, episodes_id) VALUES (31, 31)
INSERT dbo.users_has_episodes(users_id, episodes_id) VALUES (32, 32)
INSERT dbo.users_has_episodes(users_id, episodes_id) VALUES (33, 33)
INSERT dbo.users_has_episodes(users_id, episodes_id) VALUES (34, 34)
INSERT dbo.users_has_episodes(users_id, episodes_id) VALUES (35, 35)
INSERT dbo.users_has_episodes(users_id, episodes_id) VALUES (36, 36)
INSERT dbo.users_has_episodes(users_id, episodes_id) VALUES (37, 37)
INSERT dbo.users_has_episodes(users_id, episodes_id) VALUES (38, 38)
INSERT dbo.users_has_episodes(users_id, episodes_id) VALUES (39, 39)
INSERT dbo.users_has_episodes(users_id, episodes_id) VALUES (40, 40)
INSERT dbo.users_has_episodes(users_id, episodes_id) VALUES (41, 41)
INSERT dbo.users_has_episodes(users_id, episodes_id) VALUES (42, 42)
INSERT dbo.users_has_episodes(users_id, episodes_id) VALUES (43, 43)
INSERT dbo.users_has_episodes(users_id, episodes_id) VALUES (44, 44)
INSERT dbo.users_has_episodes(users_id, episodes_id) VALUES (45, 45)
INSERT dbo.users_has_episodes(users_id, episodes_id) VALUES (46, 46)
INSERT dbo.users_has_episodes(users_id, episodes_id) VALUES (47, 47)
INSERT dbo.users_has_episodes(users_id, episodes_id) VALUES (48, 48)
INSERT dbo.users_has_episodes(users_id, episodes_id) VALUES (49, 49)
INSERT dbo.users_has_episodes(users_id, episodes_id) VALUES (50, 50)
GO

--
-- Inserting data into table dbo.users_has_movies
--
INSERT dbo.users_has_movies(users_id, movies_id) VALUES (1, 1)
INSERT dbo.users_has_movies(users_id, movies_id) VALUES (2, 2)
INSERT dbo.users_has_movies(users_id, movies_id) VALUES (3, 3)
INSERT dbo.users_has_movies(users_id, movies_id) VALUES (4, 4)
INSERT dbo.users_has_movies(users_id, movies_id) VALUES (5, 5)
INSERT dbo.users_has_movies(users_id, movies_id) VALUES (6, 6)
INSERT dbo.users_has_movies(users_id, movies_id) VALUES (7, 7)
INSERT dbo.users_has_movies(users_id, movies_id) VALUES (8, 8)
INSERT dbo.users_has_movies(users_id, movies_id) VALUES (9, 9)
INSERT dbo.users_has_movies(users_id, movies_id) VALUES (10, 10)
INSERT dbo.users_has_movies(users_id, movies_id) VALUES (11, 11)
INSERT dbo.users_has_movies(users_id, movies_id) VALUES (12, 12)
INSERT dbo.users_has_movies(users_id, movies_id) VALUES (13, 13)
INSERT dbo.users_has_movies(users_id, movies_id) VALUES (14, 14)
INSERT dbo.users_has_movies(users_id, movies_id) VALUES (15, 15)
INSERT dbo.users_has_movies(users_id, movies_id) VALUES (16, 16)
INSERT dbo.users_has_movies(users_id, movies_id) VALUES (17, 17)
INSERT dbo.users_has_movies(users_id, movies_id) VALUES (18, 18)
INSERT dbo.users_has_movies(users_id, movies_id) VALUES (19, 19)
INSERT dbo.users_has_movies(users_id, movies_id) VALUES (20, 20)
INSERT dbo.users_has_movies(users_id, movies_id) VALUES (21, 21)
INSERT dbo.users_has_movies(users_id, movies_id) VALUES (22, 22)
INSERT dbo.users_has_movies(users_id, movies_id) VALUES (23, 23)
INSERT dbo.users_has_movies(users_id, movies_id) VALUES (24, 24)
INSERT dbo.users_has_movies(users_id, movies_id) VALUES (25, 25)
INSERT dbo.users_has_movies(users_id, movies_id) VALUES (26, 26)
INSERT dbo.users_has_movies(users_id, movies_id) VALUES (27, 27)
INSERT dbo.users_has_movies(users_id, movies_id) VALUES (28, 28)
INSERT dbo.users_has_movies(users_id, movies_id) VALUES (29, 29)
INSERT dbo.users_has_movies(users_id, movies_id) VALUES (30, 30)
INSERT dbo.users_has_movies(users_id, movies_id) VALUES (31, 31)
INSERT dbo.users_has_movies(users_id, movies_id) VALUES (32, 32)
INSERT dbo.users_has_movies(users_id, movies_id) VALUES (33, 33)
INSERT dbo.users_has_movies(users_id, movies_id) VALUES (34, 34)
INSERT dbo.users_has_movies(users_id, movies_id) VALUES (35, 35)
INSERT dbo.users_has_movies(users_id, movies_id) VALUES (36, 36)
INSERT dbo.users_has_movies(users_id, movies_id) VALUES (37, 37)
INSERT dbo.users_has_movies(users_id, movies_id) VALUES (38, 38)
INSERT dbo.users_has_movies(users_id, movies_id) VALUES (39, 39)
INSERT dbo.users_has_movies(users_id, movies_id) VALUES (40, 40)
INSERT dbo.users_has_movies(users_id, movies_id) VALUES (41, 41)
INSERT dbo.users_has_movies(users_id, movies_id) VALUES (42, 42)
INSERT dbo.users_has_movies(users_id, movies_id) VALUES (43, 43)
INSERT dbo.users_has_movies(users_id, movies_id) VALUES (44, 44)
INSERT dbo.users_has_movies(users_id, movies_id) VALUES (45, 45)
INSERT dbo.users_has_movies(users_id, movies_id) VALUES (46, 46)
INSERT dbo.users_has_movies(users_id, movies_id) VALUES (47, 47)
INSERT dbo.users_has_movies(users_id, movies_id) VALUES (48, 48)
INSERT dbo.users_has_movies(users_id, movies_id) VALUES (49, 49)
INSERT dbo.users_has_movies(users_id, movies_id) VALUES (50, 50)
GO

--
-- Set NOEXEC to off
--

SET NOEXEC OFF
GO